-- ============================================================
-- INSPECTION TEMPLATE LOADER
-- Generated: 31 January 2026
-- Areas: 7 | Categories: 54 | Items: 516
-- ============================================================

DELETE FROM item_template WHERE tenant_id = 'MONOGRAPH';
DELETE FROM category_template WHERE tenant_id = 'MONOGRAPH';
DELETE FROM area_template WHERE tenant_id = 'MONOGRAPH';

INSERT INTO area_template (id, tenant_id, unit_type, area_name, area_order) VALUES ('f02dcb81', 'MONOGRAPH', '4-Bed', 'KITCHEN', 1);
INSERT INTO area_template (id, tenant_id, unit_type, area_name, area_order) VALUES ('53c2b174', 'MONOGRAPH', '4-Bed', 'LOUNGE', 2);
INSERT INTO area_template (id, tenant_id, unit_type, area_name, area_order) VALUES ('72264fe6', 'MONOGRAPH', '4-Bed', 'BATHROOM', 3);
INSERT INTO area_template (id, tenant_id, unit_type, area_name, area_order) VALUES ('383b8cb4', 'MONOGRAPH', '4-Bed', 'BEDROOM A', 4);
INSERT INTO area_template (id, tenant_id, unit_type, area_name, area_order) VALUES ('62f71a83', 'MONOGRAPH', '4-Bed', 'BEDROOM B', 5);
INSERT INTO area_template (id, tenant_id, unit_type, area_name, area_order) VALUES ('f9af3e17', 'MONOGRAPH', '4-Bed', 'BEDROOM C', 6);
INSERT INTO area_template (id, tenant_id, unit_type, area_name, area_order) VALUES ('9cea6eef', 'MONOGRAPH', '4-Bed', 'BEDROOM D', 7);

INSERT INTO category_template (id, tenant_id, area_id, category_name, category_order) VALUES ('6c4d9bac', 'MONOGRAPH', 'f02dcb81', 'DOORS', 1);
INSERT INTO category_template (id, tenant_id, area_id, category_name, category_order) VALUES ('35956ff8', 'MONOGRAPH', 'f02dcb81', 'WALLS', 2);
INSERT INTO category_template (id, tenant_id, area_id, category_name, category_order) VALUES ('d75e5b31', 'MONOGRAPH', 'f02dcb81', 'WINDOWS', 3);
INSERT INTO category_template (id, tenant_id, area_id, category_name, category_order) VALUES ('fd49cbf0', 'MONOGRAPH', 'f02dcb81', 'FLOOR', 4);
INSERT INTO category_template (id, tenant_id, area_id, category_name, category_order) VALUES ('60f3909b', 'MONOGRAPH', 'f02dcb81', 'CEILING', 5);
INSERT INTO category_template (id, tenant_id, area_id, category_name, category_order) VALUES ('0e4d88ff', 'MONOGRAPH', 'f02dcb81', 'ELECTRICAL', 6);
INSERT INTO category_template (id, tenant_id, area_id, category_name, category_order) VALUES ('e8235928', 'MONOGRAPH', 'f02dcb81', 'PLUMBING', 7);
INSERT INTO category_template (id, tenant_id, area_id, category_name, category_order) VALUES ('bf9524dd', 'MONOGRAPH', 'f02dcb81', 'JOINERY', 8);
INSERT INTO category_template (id, tenant_id, area_id, category_name, category_order) VALUES ('c8b4c5ed', 'MONOGRAPH', 'f02dcb81', 'FF&E', 9);
INSERT INTO category_template (id, tenant_id, area_id, category_name, category_order) VALUES ('e4b7f955', 'MONOGRAPH', '53c2b174', 'WALLS', 1);
INSERT INTO category_template (id, tenant_id, area_id, category_name, category_order) VALUES ('1cef963e', 'MONOGRAPH', '53c2b174', 'WINDOWS', 2);
INSERT INTO category_template (id, tenant_id, area_id, category_name, category_order) VALUES ('24f3a991', 'MONOGRAPH', '53c2b174', 'FLOOR', 3);
INSERT INTO category_template (id, tenant_id, area_id, category_name, category_order) VALUES ('bc6bb413', 'MONOGRAPH', '53c2b174', 'CEILING', 4);
INSERT INTO category_template (id, tenant_id, area_id, category_name, category_order) VALUES ('3e3096c5', 'MONOGRAPH', '53c2b174', 'ELECTRICAL', 5);
INSERT INTO category_template (id, tenant_id, area_id, category_name, category_order) VALUES ('2a6d2ec2', 'MONOGRAPH', '72264fe6', 'DOORS', 1);
INSERT INTO category_template (id, tenant_id, area_id, category_name, category_order) VALUES ('a7a03d5a', 'MONOGRAPH', '72264fe6', 'WALLS', 2);
INSERT INTO category_template (id, tenant_id, area_id, category_name, category_order) VALUES ('88ca3c88', 'MONOGRAPH', '72264fe6', 'WINDOWS', 3);
INSERT INTO category_template (id, tenant_id, area_id, category_name, category_order) VALUES ('b092f969', 'MONOGRAPH', '72264fe6', 'FLOOR', 4);
INSERT INTO category_template (id, tenant_id, area_id, category_name, category_order) VALUES ('9ba493cf', 'MONOGRAPH', '72264fe6', 'CEILING', 5);
INSERT INTO category_template (id, tenant_id, area_id, category_name, category_order) VALUES ('e3dabfdd', 'MONOGRAPH', '72264fe6', 'ELECTRICAL', 6);
INSERT INTO category_template (id, tenant_id, area_id, category_name, category_order) VALUES ('ec6d163b', 'MONOGRAPH', '72264fe6', 'PLUMBING', 7);
INSERT INTO category_template (id, tenant_id, area_id, category_name, category_order) VALUES ('190f01d6', 'MONOGRAPH', '72264fe6', 'FF&E', 8);
INSERT INTO category_template (id, tenant_id, area_id, category_name, category_order) VALUES ('4c4cf0cd', 'MONOGRAPH', '383b8cb4', 'DOORS', 1);
INSERT INTO category_template (id, tenant_id, area_id, category_name, category_order) VALUES ('02924aaf', 'MONOGRAPH', '383b8cb4', 'WALLS', 2);
INSERT INTO category_template (id, tenant_id, area_id, category_name, category_order) VALUES ('b358af65', 'MONOGRAPH', '383b8cb4', 'WINDOWS', 3);
INSERT INTO category_template (id, tenant_id, area_id, category_name, category_order) VALUES ('629705da', 'MONOGRAPH', '383b8cb4', 'FLOOR', 4);
INSERT INTO category_template (id, tenant_id, area_id, category_name, category_order) VALUES ('ab5f84ee', 'MONOGRAPH', '383b8cb4', 'CEILING', 5);
INSERT INTO category_template (id, tenant_id, area_id, category_name, category_order) VALUES ('a600e1a2', 'MONOGRAPH', '383b8cb4', 'ELECTRICAL', 6);
INSERT INTO category_template (id, tenant_id, area_id, category_name, category_order) VALUES ('7b2eb261', 'MONOGRAPH', '383b8cb4', 'JOINERY', 7);
INSERT INTO category_template (id, tenant_id, area_id, category_name, category_order) VALUES ('f7be63e7', 'MONOGRAPH', '383b8cb4', 'FF&E', 8);
INSERT INTO category_template (id, tenant_id, area_id, category_name, category_order) VALUES ('26ac325c', 'MONOGRAPH', '62f71a83', 'DOORS', 1);
INSERT INTO category_template (id, tenant_id, area_id, category_name, category_order) VALUES ('82d9910b', 'MONOGRAPH', '62f71a83', 'WALLS', 2);
INSERT INTO category_template (id, tenant_id, area_id, category_name, category_order) VALUES ('9de2abd1', 'MONOGRAPH', '62f71a83', 'WINDOWS', 3);
INSERT INTO category_template (id, tenant_id, area_id, category_name, category_order) VALUES ('8321619c', 'MONOGRAPH', '62f71a83', 'FLOOR', 4);
INSERT INTO category_template (id, tenant_id, area_id, category_name, category_order) VALUES ('64523e32', 'MONOGRAPH', '62f71a83', 'CEILING', 5);
INSERT INTO category_template (id, tenant_id, area_id, category_name, category_order) VALUES ('fc408e7e', 'MONOGRAPH', '62f71a83', 'ELECTRICAL', 6);
INSERT INTO category_template (id, tenant_id, area_id, category_name, category_order) VALUES ('02614e38', 'MONOGRAPH', '62f71a83', 'JOINERY', 7);
INSERT INTO category_template (id, tenant_id, area_id, category_name, category_order) VALUES ('e5f4fc7f', 'MONOGRAPH', '62f71a83', 'FF&E', 8);
INSERT INTO category_template (id, tenant_id, area_id, category_name, category_order) VALUES ('4e4ceca2', 'MONOGRAPH', 'f9af3e17', 'DOORS', 1);
INSERT INTO category_template (id, tenant_id, area_id, category_name, category_order) VALUES ('2994b240', 'MONOGRAPH', 'f9af3e17', 'WALLS', 2);
INSERT INTO category_template (id, tenant_id, area_id, category_name, category_order) VALUES ('b124514e', 'MONOGRAPH', 'f9af3e17', 'WINDOWS', 3);
INSERT INTO category_template (id, tenant_id, area_id, category_name, category_order) VALUES ('398486c1', 'MONOGRAPH', 'f9af3e17', 'FLOOR', 4);
INSERT INTO category_template (id, tenant_id, area_id, category_name, category_order) VALUES ('dc27d1e3', 'MONOGRAPH', 'f9af3e17', 'CEILING', 5);
INSERT INTO category_template (id, tenant_id, area_id, category_name, category_order) VALUES ('6156db18', 'MONOGRAPH', 'f9af3e17', 'ELECTRICAL', 6);
INSERT INTO category_template (id, tenant_id, area_id, category_name, category_order) VALUES ('a747eb6d', 'MONOGRAPH', 'f9af3e17', 'JOINERY', 7);
INSERT INTO category_template (id, tenant_id, area_id, category_name, category_order) VALUES ('544cfb46', 'MONOGRAPH', 'f9af3e17', 'FF&E', 8);
INSERT INTO category_template (id, tenant_id, area_id, category_name, category_order) VALUES ('16ede5e5', 'MONOGRAPH', '9cea6eef', 'DOORS', 1);
INSERT INTO category_template (id, tenant_id, area_id, category_name, category_order) VALUES ('23b11e48', 'MONOGRAPH', '9cea6eef', 'WALLS', 2);
INSERT INTO category_template (id, tenant_id, area_id, category_name, category_order) VALUES ('965ff75c', 'MONOGRAPH', '9cea6eef', 'WINDOWS', 3);
INSERT INTO category_template (id, tenant_id, area_id, category_name, category_order) VALUES ('b73732f0', 'MONOGRAPH', '9cea6eef', 'FLOOR', 4);
INSERT INTO category_template (id, tenant_id, area_id, category_name, category_order) VALUES ('2ab994af', 'MONOGRAPH', '9cea6eef', 'CEILING', 5);
INSERT INTO category_template (id, tenant_id, area_id, category_name, category_order) VALUES ('ec105224', 'MONOGRAPH', '9cea6eef', 'ELECTRICAL', 6);
INSERT INTO category_template (id, tenant_id, area_id, category_name, category_order) VALUES ('7769e1d4', 'MONOGRAPH', '9cea6eef', 'JOINERY', 7);
INSERT INTO category_template (id, tenant_id, area_id, category_name, category_order) VALUES ('1c737d4a', 'MONOGRAPH', '9cea6eef', 'FF&E', 8);

INSERT INTO item_template (id, tenant_id, category_id, parent_item_id, item_description, item_order, depth) VALUES ('49a8a735', 'MONOGRAPH', '6c4d9bac', NULL, 'D1 & D1a leaf', 1, 1);
INSERT INTO item_template (id, tenant_id, category_id, parent_item_id, item_description, item_order, depth) VALUES ('c897b472', 'MONOGRAPH', '6c4d9bac', NULL, 'finished all round', 2, 1);
INSERT INTO item_template (id, tenant_id, category_id, parent_item_id, item_description, item_order, depth) VALUES ('c24e283c', 'MONOGRAPH', '6c4d9bac', NULL, 'Frame', 3, 0);
INSERT INTO item_template (id, tenant_id, category_id, parent_item_id, item_description, item_order, depth) VALUES ('0a89cbd6', 'MONOGRAPH', '6c4d9bac', 'c24e283c', 'hinges', 4, 1);
INSERT INTO item_template (id, tenant_id, category_id, parent_item_id, item_description, item_order, depth) VALUES ('78587133', 'MONOGRAPH', '6c4d9bac', 'c24e283c', 'finish', 5, 1);
INSERT INTO item_template (id, tenant_id, category_id, parent_item_id, item_description, item_order, depth) VALUES ('17ff0a59', 'MONOGRAPH', '6c4d9bac', 'c24e283c', 'striker plate', 6, 1);
INSERT INTO item_template (id, tenant_id, category_id, parent_item_id, item_description, item_order, depth) VALUES ('09ba71fe', 'MONOGRAPH', '6c4d9bac', NULL, 'Ironmongery', 7, 0);
INSERT INTO item_template (id, tenant_id, category_id, parent_item_id, item_description, item_order, depth) VALUES ('739d11f9', 'MONOGRAPH', '6c4d9bac', '09ba71fe', 'handle', 8, 1);
INSERT INTO item_template (id, tenant_id, category_id, parent_item_id, item_description, item_order, depth) VALUES ('244e8c43', 'MONOGRAPH', '6c4d9bac', '09ba71fe', 'lockset - cylinder and thumb turn', 9, 1);
INSERT INTO item_template (id, tenant_id, category_id, parent_item_id, item_description, item_order, depth) VALUES ('be712f2a', 'MONOGRAPH', '6c4d9bac', '09ba71fe', 'kickplate', 10, 1);
INSERT INTO item_template (id, tenant_id, category_id, parent_item_id, item_description, item_order, depth) VALUES ('04bf84d7', 'MONOGRAPH', '6c4d9bac', '09ba71fe', 'master key', 11, 1);
INSERT INTO item_template (id, tenant_id, category_id, parent_item_id, item_description, item_order, depth) VALUES ('4da28b05', 'MONOGRAPH', '6c4d9bac', '09ba71fe', 'door stop', 12, 1);
INSERT INTO item_template (id, tenant_id, category_id, parent_item_id, item_description, item_order, depth) VALUES ('e1357d91', 'MONOGRAPH', '6c4d9bac', '09ba71fe', 'door closer', 13, 1);
INSERT INTO item_template (id, tenant_id, category_id, parent_item_id, item_description, item_order, depth) VALUES ('432df076', 'MONOGRAPH', '6c4d9bac', NULL, 'Plastered recess above door', 14, 0);
INSERT INTO item_template (id, tenant_id, category_id, parent_item_id, item_description, item_order, depth) VALUES ('410c7b50', 'MONOGRAPH', '6c4d9bac', '432df076', 'finish', 15, 1);
INSERT INTO item_template (id, tenant_id, category_id, parent_item_id, item_description, item_order, depth) VALUES ('b149d8da', 'MONOGRAPH', '6c4d9bac', '432df076', 'unit signage', 16, 1);
INSERT INTO item_template (id, tenant_id, category_id, parent_item_id, item_description, item_order, depth) VALUES ('fda2e356', 'MONOGRAPH', '6c4d9bac', '432df076', 'Face brick sill', 17, 1);
INSERT INTO item_template (id, tenant_id, category_id, parent_item_id, item_description, item_order, depth) VALUES ('d149df25', 'MONOGRAPH', '6c4d9bac', '432df076', 'soft joint between tile and brick', 18, 1);
INSERT INTO item_template (id, tenant_id, category_id, parent_item_id, item_description, item_order, depth) VALUES ('99a8d423', 'MONOGRAPH', '35956ff8', NULL, 'smooth plaster', 1, 1);
INSERT INTO item_template (id, tenant_id, category_id, parent_item_id, item_description, item_order, depth) VALUES ('16e941da', 'MONOGRAPH', '35956ff8', NULL, 'paint-orchid bay', 2, 1);
INSERT INTO item_template (id, tenant_id, category_id, parent_item_id, item_description, item_order, depth) VALUES ('33b26c9a', 'MONOGRAPH', '35956ff8', NULL, 'Splash back at sink', 3, 0);
INSERT INTO item_template (id, tenant_id, category_id, parent_item_id, item_description, item_order, depth) VALUES ('7889a386', 'MONOGRAPH', '35956ff8', '33b26c9a', 'tile trim at window 1a', 4, 1);
INSERT INTO item_template (id, tenant_id, category_id, parent_item_id, item_description, item_order, depth) VALUES ('e4bb8e59', 'MONOGRAPH', '35956ff8', '33b26c9a', 'tile into window sill', 5, 1);
INSERT INTO item_template (id, tenant_id, category_id, parent_item_id, item_description, item_order, depth) VALUES ('1d0f508f', 'MONOGRAPH', '35956ff8', '33b26c9a', 'splash back wrap at sink', 6, 1);
INSERT INTO item_template (id, tenant_id, category_id, parent_item_id, item_description, item_order, depth) VALUES ('485aba2b', 'MONOGRAPH', '35956ff8', '33b26c9a', 'tile trim at sink splash back', 7, 1);
INSERT INTO item_template (id, tenant_id, category_id, parent_item_id, item_description, item_order, depth) VALUES ('828b90e9', 'MONOGRAPH', '35956ff8', '33b26c9a', 'grout dove grey', 8, 1);
INSERT INTO item_template (id, tenant_id, category_id, parent_item_id, item_description, item_order, depth) VALUES ('2aefb106', 'MONOGRAPH', '35956ff8', '33b26c9a', 'chipped/broken/hollow tiles', 9, 1);
INSERT INTO item_template (id, tenant_id, category_id, parent_item_id, item_description, item_order, depth) VALUES ('943ade71', 'MONOGRAPH', '35956ff8', NULL, 'Stove splash back', 10, 0);
INSERT INTO item_template (id, tenant_id, category_id, parent_item_id, item_description, item_order, depth) VALUES ('637c7b25', 'MONOGRAPH', '35956ff8', '943ade71', 'tile trim at top and side', 11, 1);
INSERT INTO item_template (id, tenant_id, category_id, parent_item_id, item_description, item_order, depth) VALUES ('5317757a', 'MONOGRAPH', '35956ff8', '943ade71', 'grout dove grey', 12, 1);
INSERT INTO item_template (id, tenant_id, category_id, parent_item_id, item_description, item_order, depth) VALUES ('76477531', 'MONOGRAPH', '35956ff8', '943ade71', 'chipped/broken/hollow tiles', 13, 1);
INSERT INTO item_template (id, tenant_id, category_id, parent_item_id, item_description, item_order, depth) VALUES ('166a3228', 'MONOGRAPH', 'd75e5b31', NULL, 'W1', 1, 0);
INSERT INTO item_template (id, tenant_id, category_id, parent_item_id, item_description, item_order, depth) VALUES ('065b6eb7', 'MONOGRAPH', 'd75e5b31', '166a3228', 'frame & coating', 2, 1);
INSERT INTO item_template (id, tenant_id, category_id, parent_item_id, item_description, item_order, depth) VALUES ('cbaefabd', 'MONOGRAPH', 'd75e5b31', '166a3228', 'glass', 3, 1);
INSERT INTO item_template (id, tenant_id, category_id, parent_item_id, item_description, item_order, depth) VALUES ('82751f2d', 'MONOGRAPH', 'd75e5b31', '166a3228', 'hinges', 4, 1);
INSERT INTO item_template (id, tenant_id, category_id, parent_item_id, item_description, item_order, depth) VALUES ('0740d3f1', 'MONOGRAPH', 'd75e5b31', '166a3228', 'gaskets', 5, 1);
INSERT INTO item_template (id, tenant_id, category_id, parent_item_id, item_description, item_order, depth) VALUES ('0b8e5fa2', 'MONOGRAPH', 'd75e5b31', '166a3228', 'operation', 6, 1);
INSERT INTO item_template (id, tenant_id, category_id, parent_item_id, item_description, item_order, depth) VALUES ('62313ad1', 'MONOGRAPH', 'd75e5b31', '166a3228', 'burglar bars', 7, 1);
INSERT INTO item_template (id, tenant_id, category_id, parent_item_id, item_description, item_order, depth) VALUES ('fbea53f9', 'MONOGRAPH', 'd75e5b31', '166a3228', 'sill', 8, 1);
INSERT INTO item_template (id, tenant_id, category_id, parent_item_id, item_description, item_order, depth) VALUES ('244151fe', 'MONOGRAPH', 'd75e5b31', NULL, 'W1a', 9, 0);
INSERT INTO item_template (id, tenant_id, category_id, parent_item_id, item_description, item_order, depth) VALUES ('bfc0e3ab', 'MONOGRAPH', 'd75e5b31', '244151fe', 'frame & coating', 10, 1);
INSERT INTO item_template (id, tenant_id, category_id, parent_item_id, item_description, item_order, depth) VALUES ('707304a2', 'MONOGRAPH', 'd75e5b31', '244151fe', 'glass', 11, 1);
INSERT INTO item_template (id, tenant_id, category_id, parent_item_id, item_description, item_order, depth) VALUES ('8ab50f6a', 'MONOGRAPH', 'd75e5b31', '244151fe', 'hinges', 12, 1);
INSERT INTO item_template (id, tenant_id, category_id, parent_item_id, item_description, item_order, depth) VALUES ('e49da716', 'MONOGRAPH', 'd75e5b31', '244151fe', 'gaskets', 13, 1);
INSERT INTO item_template (id, tenant_id, category_id, parent_item_id, item_description, item_order, depth) VALUES ('0b7ae206', 'MONOGRAPH', 'd75e5b31', '244151fe', 'operation', 14, 1);
INSERT INTO item_template (id, tenant_id, category_id, parent_item_id, item_description, item_order, depth) VALUES ('2cd5bdf0', 'MONOGRAPH', 'd75e5b31', '244151fe', 'burglar bars', 15, 1);
INSERT INTO item_template (id, tenant_id, category_id, parent_item_id, item_description, item_order, depth) VALUES ('1ec8d6db', 'MONOGRAPH', 'd75e5b31', '244151fe', 'sill', 16, 1);
INSERT INTO item_template (id, tenant_id, category_id, parent_item_id, item_description, item_order, depth) VALUES ('1664ae23', 'MONOGRAPH', 'fd49cbf0', NULL, 'FLOOR', 1, 0);
INSERT INTO item_template (id, tenant_id, category_id, parent_item_id, item_description, item_order, depth) VALUES ('fa56c99f', 'MONOGRAPH', 'fd49cbf0', '1664ae23', 'Floor tile set out', 2, 1);
INSERT INTO item_template (id, tenant_id, category_id, parent_item_id, item_description, item_order, depth) VALUES ('bdafda18', 'MONOGRAPH', 'fd49cbf0', '1664ae23', 'Soft joint cross', 3, 1);
INSERT INTO item_template (id, tenant_id, category_id, parent_item_id, item_description, item_order, depth) VALUES ('522b4aeb', 'MONOGRAPH', 'fd49cbf0', '1664ae23', 'chipped/broken/hollow tiles', 4, 1);
INSERT INTO item_template (id, tenant_id, category_id, parent_item_id, item_description, item_order, depth) VALUES ('6957702f', 'MONOGRAPH', 'fd49cbf0', '1664ae23', 'grout dove grey', 5, 1);
INSERT INTO item_template (id, tenant_id, category_id, parent_item_id, item_description, item_order, depth) VALUES ('3cf49a3d', 'MONOGRAPH', 'fd49cbf0', '1664ae23', 'tile skirting', 6, 1);
INSERT INTO item_template (id, tenant_id, category_id, parent_item_id, item_description, item_order, depth) VALUES ('d465faeb', 'MONOGRAPH', '60f3909b', NULL, 'CEILING', 1, 0);
INSERT INTO item_template (id, tenant_id, category_id, parent_item_id, item_description, item_order, depth) VALUES ('71550213', 'MONOGRAPH', '60f3909b', 'd465faeb', 'paint-orchid bay', 2, 1);
INSERT INTO item_template (id, tenant_id, category_id, parent_item_id, item_description, item_order, depth) VALUES ('6eb3af36', 'MONOGRAPH', '60f3909b', 'd465faeb', 'plaster recess', 3, 1);
INSERT INTO item_template (id, tenant_id, category_id, parent_item_id, item_description, item_order, depth) VALUES ('044fd7da', 'MONOGRAPH', '0e4d88ff', NULL, 'ELECTRICAL', 1, 0);
INSERT INTO item_template (id, tenant_id, category_id, parent_item_id, item_description, item_order, depth) VALUES ('7414ad92', 'MONOGRAPH', '0e4d88ff', '044fd7da', 'DB', 2, 1);
INSERT INTO item_template (id, tenant_id, category_id, parent_item_id, item_description, item_order, depth) VALUES ('6b89724d', 'MONOGRAPH', '0e4d88ff', '044fd7da', 'fluorescent led x 2 bulbs', 3, 1);
INSERT INTO item_template (id, tenant_id, category_id, parent_item_id, item_description, item_order, depth) VALUES ('c4348cc6', 'MONOGRAPH', '0e4d88ff', '044fd7da', 'Wi-Fi repeater', 4, 1);
INSERT INTO item_template (id, tenant_id, category_id, parent_item_id, item_description, item_order, depth) VALUES ('1161cc67', 'MONOGRAPH', '0e4d88ff', '044fd7da', 'ceiling mounted light x 2 bulbs', 5, 1);
INSERT INTO item_template (id, tenant_id, category_id, parent_item_id, item_description, item_order, depth) VALUES ('13ec6997', 'MONOGRAPH', '0e4d88ff', '044fd7da', 'fridge double plug', 6, 1);
INSERT INTO item_template (id, tenant_id, category_id, parent_item_id, item_description, item_order, depth) VALUES ('1d0a879b', 'MONOGRAPH', '0e4d88ff', '044fd7da', 'stove isolator', 7, 1);
INSERT INTO item_template (id, tenant_id, category_id, parent_item_id, item_description, item_order, depth) VALUES ('92f6e79f', 'MONOGRAPH', '0e4d88ff', '044fd7da', 'double plug below db', 8, 1);
INSERT INTO item_template (id, tenant_id, category_id, parent_item_id, item_description, item_order, depth) VALUES ('2ec0e47b', 'MONOGRAPH', '0e4d88ff', '044fd7da', 'double plug at W1a', 9, 1);
INSERT INTO item_template (id, tenant_id, category_id, parent_item_id, item_description, item_order, depth) VALUES ('2073989a', 'MONOGRAPH', '0e4d88ff', '044fd7da', 'single light switch by D1', 10, 1);
INSERT INTO item_template (id, tenant_id, category_id, parent_item_id, item_description, item_order, depth) VALUES ('f82f2865', 'MONOGRAPH', '0e4d88ff', NULL, 'Stove', 11, 0);
INSERT INTO item_template (id, tenant_id, category_id, parent_item_id, item_description, item_order, depth) VALUES ('6e557218', 'MONOGRAPH', '0e4d88ff', 'f82f2865', 'installation', 12, 1);
INSERT INTO item_template (id, tenant_id, category_id, parent_item_id, item_description, item_order, depth) VALUES ('97cdacb1', 'MONOGRAPH', '0e4d88ff', 'f82f2865', 'operation', 13, 1);
INSERT INTO item_template (id, tenant_id, category_id, parent_item_id, item_description, item_order, depth) VALUES ('369caaf1', 'MONOGRAPH', 'e8235928', NULL, 'Sink', 1, 0);
INSERT INTO item_template (id, tenant_id, category_id, parent_item_id, item_description, item_order, depth) VALUES ('d6dabbc6', 'MONOGRAPH', 'e8235928', '369caaf1', 'installation', 2, 1);
INSERT INTO item_template (id, tenant_id, category_id, parent_item_id, item_description, item_order, depth) VALUES ('4c301408', 'MONOGRAPH', 'e8235928', '369caaf1', 'operation', 3, 1);
INSERT INTO item_template (id, tenant_id, category_id, parent_item_id, item_description, item_order, depth) VALUES ('2e14552f', 'MONOGRAPH', 'e8235928', '369caaf1', 'plugs', 4, 1);
INSERT INTO item_template (id, tenant_id, category_id, parent_item_id, item_description, item_order, depth) VALUES ('3a377927', 'MONOGRAPH', 'e8235928', '369caaf1', 'p-trap', 5, 1);
INSERT INTO item_template (id, tenant_id, category_id, parent_item_id, item_description, item_order, depth) VALUES ('79aee729', 'MONOGRAPH', 'e8235928', NULL, 'Mixer', 6, 0);
INSERT INTO item_template (id, tenant_id, category_id, parent_item_id, item_description, item_order, depth) VALUES ('c66e451c', 'MONOGRAPH', 'e8235928', '79aee729', 'installation', 7, 1);
INSERT INTO item_template (id, tenant_id, category_id, parent_item_id, item_description, item_order, depth) VALUES ('5c4e84c6', 'MONOGRAPH', 'e8235928', '79aee729', 'operation', 8, 1);
INSERT INTO item_template (id, tenant_id, category_id, parent_item_id, item_description, item_order, depth) VALUES ('9eb9497b', 'MONOGRAPH', 'e8235928', '79aee729', 'stability plate', 9, 1);
INSERT INTO item_template (id, tenant_id, category_id, parent_item_id, item_description, item_order, depth) VALUES ('4538a0a8', 'MONOGRAPH', 'e8235928', '79aee729', 'hot water', 10, 1);
INSERT INTO item_template (id, tenant_id, category_id, parent_item_id, item_description, item_order, depth) VALUES ('e53474b8', 'MONOGRAPH', 'e8235928', '79aee729', 'cold water', 11, 1);
INSERT INTO item_template (id, tenant_id, category_id, parent_item_id, item_description, item_order, depth) VALUES ('470a5289', 'MONOGRAPH', 'bf9524dd', NULL, 'Sink pack', 1, 0);
INSERT INTO item_template (id, tenant_id, category_id, parent_item_id, item_description, item_order, depth) VALUES ('117c2748', 'MONOGRAPH', 'bf9524dd', '470a5289', 'layout', 2, 1);
INSERT INTO item_template (id, tenant_id, category_id, parent_item_id, item_description, item_order, depth) VALUES ('c64ad084', 'MONOGRAPH', 'bf9524dd', '470a5289', 'fixing to wall', 3, 1);
INSERT INTO item_template (id, tenant_id, category_id, parent_item_id, item_description, item_order, depth) VALUES ('5158daf4', 'MONOGRAPH', 'bf9524dd', '470a5289', 'carcass', 4, 1);
INSERT INTO item_template (id, tenant_id, category_id, parent_item_id, item_description, item_order, depth) VALUES ('2d37363a', 'MONOGRAPH', 'bf9524dd', '470a5289', 'finish', 5, 1);
INSERT INTO item_template (id, tenant_id, category_id, parent_item_id, item_description, item_order, depth) VALUES ('255488c3', 'MONOGRAPH', 'bf9524dd', '470a5289', 'hinges', 6, 1);
INSERT INTO item_template (id, tenant_id, category_id, parent_item_id, item_description, item_order, depth) VALUES ('1b23f570', 'MONOGRAPH', 'bf9524dd', '470a5289', 'handles', 7, 1);
INSERT INTO item_template (id, tenant_id, category_id, parent_item_id, item_description, item_order, depth) VALUES ('0c881d18', 'MONOGRAPH', 'bf9524dd', '470a5289', 'top', 8, 1);
INSERT INTO item_template (id, tenant_id, category_id, parent_item_id, item_description, item_order, depth) VALUES ('684bf2ed', 'MONOGRAPH', 'bf9524dd', NULL, 'Bin drawer', 9, 0);
INSERT INTO item_template (id, tenant_id, category_id, parent_item_id, item_description, item_order, depth) VALUES ('78d8f95a', 'MONOGRAPH', 'bf9524dd', '684bf2ed', 'layout', 10, 1);
INSERT INTO item_template (id, tenant_id, category_id, parent_item_id, item_description, item_order, depth) VALUES ('09ca2f8d', 'MONOGRAPH', 'bf9524dd', '684bf2ed', 'fixing to wall', 11, 1);
INSERT INTO item_template (id, tenant_id, category_id, parent_item_id, item_description, item_order, depth) VALUES ('624544cd', 'MONOGRAPH', 'bf9524dd', '684bf2ed', 'carcass', 12, 1);
INSERT INTO item_template (id, tenant_id, category_id, parent_item_id, item_description, item_order, depth) VALUES ('84813f65', 'MONOGRAPH', 'bf9524dd', '684bf2ed', 'finish', 13, 1);
INSERT INTO item_template (id, tenant_id, category_id, parent_item_id, item_description, item_order, depth) VALUES ('445ab368', 'MONOGRAPH', 'bf9524dd', '684bf2ed', 'runners', 14, 1);
INSERT INTO item_template (id, tenant_id, category_id, parent_item_id, item_description, item_order, depth) VALUES ('28814cf6', 'MONOGRAPH', 'bf9524dd', '684bf2ed', 'handle', 15, 1);
INSERT INTO item_template (id, tenant_id, category_id, parent_item_id, item_description, item_order, depth) VALUES ('b2209272', 'MONOGRAPH', 'bf9524dd', '684bf2ed', 'top', 16, 1);
INSERT INTO item_template (id, tenant_id, category_id, parent_item_id, item_description, item_order, depth) VALUES ('25bd6002', 'MONOGRAPH', 'bf9524dd', NULL, 'Drawer pack', 17, 0);
INSERT INTO item_template (id, tenant_id, category_id, parent_item_id, item_description, item_order, depth) VALUES ('f0fc9699', 'MONOGRAPH', 'bf9524dd', '25bd6002', 'layout', 18, 1);
INSERT INTO item_template (id, tenant_id, category_id, parent_item_id, item_description, item_order, depth) VALUES ('55191abe', 'MONOGRAPH', 'bf9524dd', '25bd6002', 'fixing to wall', 19, 1);
INSERT INTO item_template (id, tenant_id, category_id, parent_item_id, item_description, item_order, depth) VALUES ('82218345', 'MONOGRAPH', 'bf9524dd', '25bd6002', 'carcass', 20, 1);
INSERT INTO item_template (id, tenant_id, category_id, parent_item_id, item_description, item_order, depth) VALUES ('f2467f93', 'MONOGRAPH', 'bf9524dd', '25bd6002', 'finish', 21, 1);
INSERT INTO item_template (id, tenant_id, category_id, parent_item_id, item_description, item_order, depth) VALUES ('ff38c47c', 'MONOGRAPH', 'bf9524dd', '25bd6002', 'runners', 22, 1);
INSERT INTO item_template (id, tenant_id, category_id, parent_item_id, item_description, item_order, depth) VALUES ('b3b1880f', 'MONOGRAPH', 'bf9524dd', '25bd6002', 'handles', 23, 1);
INSERT INTO item_template (id, tenant_id, category_id, parent_item_id, item_description, item_order, depth) VALUES ('2976f40b', 'MONOGRAPH', 'bf9524dd', '25bd6002', 'top', 24, 1);
INSERT INTO item_template (id, tenant_id, category_id, parent_item_id, item_description, item_order, depth) VALUES ('0481ab3b', 'MONOGRAPH', 'bf9524dd', NULL, 'Lockable pack 3 & 4', 25, 0);
INSERT INTO item_template (id, tenant_id, category_id, parent_item_id, item_description, item_order, depth) VALUES ('3f5fe9dd', 'MONOGRAPH', 'bf9524dd', '0481ab3b', 'layout', 26, 1);
INSERT INTO item_template (id, tenant_id, category_id, parent_item_id, item_description, item_order, depth) VALUES ('543d889f', 'MONOGRAPH', 'bf9524dd', '0481ab3b', 'fixing to wall', 27, 1);
INSERT INTO item_template (id, tenant_id, category_id, parent_item_id, item_description, item_order, depth) VALUES ('2b85b587', 'MONOGRAPH', 'bf9524dd', '0481ab3b', 'carcass', 28, 1);
INSERT INTO item_template (id, tenant_id, category_id, parent_item_id, item_description, item_order, depth) VALUES ('b079da71', 'MONOGRAPH', 'bf9524dd', '0481ab3b', 'finish', 29, 1);
INSERT INTO item_template (id, tenant_id, category_id, parent_item_id, item_description, item_order, depth) VALUES ('0ae68663', 'MONOGRAPH', 'bf9524dd', '0481ab3b', 'hinges', 30, 1);
INSERT INTO item_template (id, tenant_id, category_id, parent_item_id, item_description, item_order, depth) VALUES ('215c2a34', 'MONOGRAPH', 'bf9524dd', '0481ab3b', 'handles', 31, 1);
INSERT INTO item_template (id, tenant_id, category_id, parent_item_id, item_description, item_order, depth) VALUES ('3738af64', 'MONOGRAPH', 'bf9524dd', '0481ab3b', 'locks', 32, 1);
INSERT INTO item_template (id, tenant_id, category_id, parent_item_id, item_description, item_order, depth) VALUES ('53b1dbfc', 'MONOGRAPH', 'bf9524dd', '0481ab3b', 'top', 33, 1);
INSERT INTO item_template (id, tenant_id, category_id, parent_item_id, item_description, item_order, depth) VALUES ('7af717d1', 'MONOGRAPH', 'bf9524dd', NULL, 'Counter seating', 34, 0);
INSERT INTO item_template (id, tenant_id, category_id, parent_item_id, item_description, item_order, depth) VALUES ('ee4fc5a2', 'MONOGRAPH', 'bf9524dd', '7af717d1', 'layout', 35, 1);
INSERT INTO item_template (id, tenant_id, category_id, parent_item_id, item_description, item_order, depth) VALUES ('09e5b0d4', 'MONOGRAPH', 'bf9524dd', '7af717d1', 'fixing to wall', 36, 1);
INSERT INTO item_template (id, tenant_id, category_id, parent_item_id, item_description, item_order, depth) VALUES ('5fe88982', 'MONOGRAPH', 'bf9524dd', '7af717d1', 'leg support', 37, 1);
INSERT INTO item_template (id, tenant_id, category_id, parent_item_id, item_description, item_order, depth) VALUES ('9d4b7503', 'MONOGRAPH', 'bf9524dd', '7af717d1', 'top', 38, 1);
INSERT INTO item_template (id, tenant_id, category_id, parent_item_id, item_description, item_order, depth) VALUES ('9f743e7d', 'MONOGRAPH', 'bf9524dd', NULL, 'Lockable pack 1 & 2', 39, 0);
INSERT INTO item_template (id, tenant_id, category_id, parent_item_id, item_description, item_order, depth) VALUES ('197ab3b2', 'MONOGRAPH', 'bf9524dd', '9f743e7d', 'layout', 40, 1);
INSERT INTO item_template (id, tenant_id, category_id, parent_item_id, item_description, item_order, depth) VALUES ('3c16cdbc', 'MONOGRAPH', 'bf9524dd', '9f743e7d', 'fixing to wall', 41, 1);
INSERT INTO item_template (id, tenant_id, category_id, parent_item_id, item_description, item_order, depth) VALUES ('ddd7b868', 'MONOGRAPH', 'bf9524dd', '9f743e7d', 'carcass', 42, 1);
INSERT INTO item_template (id, tenant_id, category_id, parent_item_id, item_description, item_order, depth) VALUES ('e96314c5', 'MONOGRAPH', 'bf9524dd', '9f743e7d', 'finish', 43, 1);
INSERT INTO item_template (id, tenant_id, category_id, parent_item_id, item_description, item_order, depth) VALUES ('20676181', 'MONOGRAPH', 'bf9524dd', '9f743e7d', 'hinges', 44, 1);
INSERT INTO item_template (id, tenant_id, category_id, parent_item_id, item_description, item_order, depth) VALUES ('a2d027f4', 'MONOGRAPH', 'bf9524dd', '9f743e7d', 'handles', 45, 1);
INSERT INTO item_template (id, tenant_id, category_id, parent_item_id, item_description, item_order, depth) VALUES ('218f3d5a', 'MONOGRAPH', 'bf9524dd', '9f743e7d', 'locks', 46, 1);
INSERT INTO item_template (id, tenant_id, category_id, parent_item_id, item_description, item_order, depth) VALUES ('76718e79', 'MONOGRAPH', 'bf9524dd', '9f743e7d', 'top', 47, 1);
INSERT INTO item_template (id, tenant_id, category_id, parent_item_id, item_description, item_order, depth) VALUES ('406b0286', 'MONOGRAPH', 'bf9524dd', NULL, 'Broom cupboard', 48, 0);
INSERT INTO item_template (id, tenant_id, category_id, parent_item_id, item_description, item_order, depth) VALUES ('8cdcb818', 'MONOGRAPH', 'bf9524dd', '406b0286', 'layout', 49, 1);
INSERT INTO item_template (id, tenant_id, category_id, parent_item_id, item_description, item_order, depth) VALUES ('c5931efd', 'MONOGRAPH', 'bf9524dd', '406b0286', 'fixing to wall', 50, 1);
INSERT INTO item_template (id, tenant_id, category_id, parent_item_id, item_description, item_order, depth) VALUES ('7f7ddc15', 'MONOGRAPH', 'bf9524dd', '406b0286', 'carcass', 51, 1);
INSERT INTO item_template (id, tenant_id, category_id, parent_item_id, item_description, item_order, depth) VALUES ('b35b9552', 'MONOGRAPH', 'bf9524dd', '406b0286', 'finish', 52, 1);
INSERT INTO item_template (id, tenant_id, category_id, parent_item_id, item_description, item_order, depth) VALUES ('8c4b0438', 'MONOGRAPH', 'bf9524dd', '406b0286', 'hinges', 53, 1);
INSERT INTO item_template (id, tenant_id, category_id, parent_item_id, item_description, item_order, depth) VALUES ('df9f5a7a', 'MONOGRAPH', 'bf9524dd', '406b0286', 'handles', 54, 1);
INSERT INTO item_template (id, tenant_id, category_id, parent_item_id, item_description, item_order, depth) VALUES ('a296edd8', 'MONOGRAPH', 'bf9524dd', NULL, 'Eye level pack', 55, 0);
INSERT INTO item_template (id, tenant_id, category_id, parent_item_id, item_description, item_order, depth) VALUES ('103bccc2', 'MONOGRAPH', 'bf9524dd', 'a296edd8', 'layout', 56, 1);
INSERT INTO item_template (id, tenant_id, category_id, parent_item_id, item_description, item_order, depth) VALUES ('c011d8c9', 'MONOGRAPH', 'bf9524dd', 'a296edd8', 'fixing to wall', 57, 1);
INSERT INTO item_template (id, tenant_id, category_id, parent_item_id, item_description, item_order, depth) VALUES ('38b69f7c', 'MONOGRAPH', 'bf9524dd', 'a296edd8', 'carcass', 58, 1);
INSERT INTO item_template (id, tenant_id, category_id, parent_item_id, item_description, item_order, depth) VALUES ('8ada7164', 'MONOGRAPH', 'bf9524dd', 'a296edd8', 'finish', 59, 1);
INSERT INTO item_template (id, tenant_id, category_id, parent_item_id, item_description, item_order, depth) VALUES ('4ff599bf', 'MONOGRAPH', 'bf9524dd', 'a296edd8', 'hinges', 60, 1);
INSERT INTO item_template (id, tenant_id, category_id, parent_item_id, item_description, item_order, depth) VALUES ('8c97a66a', 'MONOGRAPH', 'bf9524dd', 'a296edd8', 'handles', 61, 1);
INSERT INTO item_template (id, tenant_id, category_id, parent_item_id, item_description, item_order, depth) VALUES ('57c5f6a0', 'MONOGRAPH', 'bf9524dd', 'a296edd8', 'plug cutout for microwave', 62, 1);
INSERT INTO item_template (id, tenant_id, category_id, parent_item_id, item_description, item_order, depth) VALUES ('06d31697', 'MONOGRAPH', 'c8b4c5ed', NULL, 'Fridge - handle on stove side', 1, 1);
INSERT INTO item_template (id, tenant_id, category_id, parent_item_id, item_description, item_order, depth) VALUES ('fcdb7c4f', 'MONOGRAPH', 'c8b4c5ed', NULL, 'microwave', 2, 1);
INSERT INTO item_template (id, tenant_id, category_id, parent_item_id, item_description, item_order, depth) VALUES ('13651c86', 'MONOGRAPH', 'c8b4c5ed', NULL, 'broom', 3, 1);
INSERT INTO item_template (id, tenant_id, category_id, parent_item_id, item_description, item_order, depth) VALUES ('387c838c', 'MONOGRAPH', 'c8b4c5ed', NULL, 'mop + bucket', 4, 1);
INSERT INTO item_template (id, tenant_id, category_id, parent_item_id, item_description, item_order, depth) VALUES ('bea2b10f', 'MONOGRAPH', 'c8b4c5ed', NULL, 'dust pan', 5, 1);
INSERT INTO item_template (id, tenant_id, category_id, parent_item_id, item_description, item_order, depth) VALUES ('663cc471', 'MONOGRAPH', 'c8b4c5ed', NULL, 'towel rail at sink', 6, 1);
INSERT INTO item_template (id, tenant_id, category_id, parent_item_id, item_description, item_order, depth) VALUES ('9720e6ac', 'MONOGRAPH', 'c8b4c5ed', NULL, 'flip top bin', 7, 1);
INSERT INTO item_template (id, tenant_id, category_id, parent_item_id, item_description, item_order, depth) VALUES ('412e4292', 'MONOGRAPH', 'c8b4c5ed', NULL, '2 x bronx kitchen stools', 8, 1);
INSERT INTO item_template (id, tenant_id, category_id, parent_item_id, item_description, item_order, depth) VALUES ('af45d458', 'MONOGRAPH', 'e4b7f955', NULL, 'WALLS', 1, 0);
INSERT INTO item_template (id, tenant_id, category_id, parent_item_id, item_description, item_order, depth) VALUES ('b2dec45b', 'MONOGRAPH', 'e4b7f955', 'af45d458', 'smooth plaster', 2, 1);
INSERT INTO item_template (id, tenant_id, category_id, parent_item_id, item_description, item_order, depth) VALUES ('c248c406', 'MONOGRAPH', 'e4b7f955', 'af45d458', 'paint-orchid bay', 3, 1);
INSERT INTO item_template (id, tenant_id, category_id, parent_item_id, item_description, item_order, depth) VALUES ('6b92618a', 'MONOGRAPH', '24f3a991', NULL, 'FLOOR', 1, 0);
INSERT INTO item_template (id, tenant_id, category_id, parent_item_id, item_description, item_order, depth) VALUES ('3cb1b144', 'MONOGRAPH', '24f3a991', '6b92618a', 'chipped/broken/hollow tiles', 2, 1);
INSERT INTO item_template (id, tenant_id, category_id, parent_item_id, item_description, item_order, depth) VALUES ('feafbe9d', 'MONOGRAPH', '24f3a991', '6b92618a', 'grout dove grey', 3, 1);
INSERT INTO item_template (id, tenant_id, category_id, parent_item_id, item_description, item_order, depth) VALUES ('a46f716d', 'MONOGRAPH', '24f3a991', '6b92618a', 'tile skirting', 4, 1);
INSERT INTO item_template (id, tenant_id, category_id, parent_item_id, item_description, item_order, depth) VALUES ('87ab7b78', 'MONOGRAPH', 'bc6bb413', NULL, 'CEILING', 1, 0);
INSERT INTO item_template (id, tenant_id, category_id, parent_item_id, item_description, item_order, depth) VALUES ('d7863733', 'MONOGRAPH', 'bc6bb413', '87ab7b78', 'paint-orchid bay', 2, 1);
INSERT INTO item_template (id, tenant_id, category_id, parent_item_id, item_description, item_order, depth) VALUES ('a4163cb8', 'MONOGRAPH', 'bc6bb413', '87ab7b78', 'plaster recess', 3, 1);
INSERT INTO item_template (id, tenant_id, category_id, parent_item_id, item_description, item_order, depth) VALUES ('7189c160', 'MONOGRAPH', '3e3096c5', NULL, 'ELECTRICAL', 1, 0);
INSERT INTO item_template (id, tenant_id, category_id, parent_item_id, item_description, item_order, depth) VALUES ('ed852bc0', 'MONOGRAPH', '3e3096c5', '7189c160', 'ceiling mounted light x 2 bulbs', 2, 1);
INSERT INTO item_template (id, tenant_id, category_id, parent_item_id, item_description, item_order, depth) VALUES ('fa47bce5', 'MONOGRAPH', '3e3096c5', '7189c160', 'double plug on 09 wall', 3, 1);
INSERT INTO item_template (id, tenant_id, category_id, parent_item_id, item_description, item_order, depth) VALUES ('d18c9cb7', 'MONOGRAPH', '3e3096c5', '7189c160', 'single light switch on 10 wall', 4, 1);
INSERT INTO item_template (id, tenant_id, category_id, parent_item_id, item_description, item_order, depth) VALUES ('ee4e7f68', 'MONOGRAPH', '3e3096c5', '7189c160', 'single light switch on 11 wall', 5, 1);
INSERT INTO item_template (id, tenant_id, category_id, parent_item_id, item_description, item_order, depth) VALUES ('a9c136be', 'MONOGRAPH', '2a6d2ec2', NULL, 'D2a', 1, 0);
INSERT INTO item_template (id, tenant_id, category_id, parent_item_id, item_description, item_order, depth) VALUES ('b6b5d166', 'MONOGRAPH', '2a6d2ec2', 'a9c136be', 'finished all round', 2, 1);
INSERT INTO item_template (id, tenant_id, category_id, parent_item_id, item_description, item_order, depth) VALUES ('6f84fade', 'MONOGRAPH', '2a6d2ec2', NULL, 'Frame', 3, 0);
INSERT INTO item_template (id, tenant_id, category_id, parent_item_id, item_description, item_order, depth) VALUES ('f27ee884', 'MONOGRAPH', '2a6d2ec2', '6f84fade', 'hinges', 4, 1);
INSERT INTO item_template (id, tenant_id, category_id, parent_item_id, item_description, item_order, depth) VALUES ('e326b993', 'MONOGRAPH', '2a6d2ec2', '6f84fade', 'finish', 5, 1);
INSERT INTO item_template (id, tenant_id, category_id, parent_item_id, item_description, item_order, depth) VALUES ('4b087ea1', 'MONOGRAPH', '2a6d2ec2', NULL, 'Ironmongery', 6, 0);
INSERT INTO item_template (id, tenant_id, category_id, parent_item_id, item_description, item_order, depth) VALUES ('ebb584a4', 'MONOGRAPH', '2a6d2ec2', '4b087ea1', 'B2B SS pull handle', 7, 1);
INSERT INTO item_template (id, tenant_id, category_id, parent_item_id, item_description, item_order, depth) VALUES ('c16fbe1e', 'MONOGRAPH', '2a6d2ec2', '4b087ea1', 'Bathroom lock', 8, 1);
INSERT INTO item_template (id, tenant_id, category_id, parent_item_id, item_description, item_order, depth) VALUES ('39fe1eda', 'MONOGRAPH', '2a6d2ec2', '4b087ea1', 'WC indicator bolt and thumb turn', 9, 1);
INSERT INTO item_template (id, tenant_id, category_id, parent_item_id, item_description, item_order, depth) VALUES ('1658968a', 'MONOGRAPH', '2a6d2ec2', '4b087ea1', 'door stop', 10, 1);
INSERT INTO item_template (id, tenant_id, category_id, parent_item_id, item_description, item_order, depth) VALUES ('6975f032', 'MONOGRAPH', '2a6d2ec2', NULL, 'Airbrick above door', 11, 0);
INSERT INTO item_template (id, tenant_id, category_id, parent_item_id, item_description, item_order, depth) VALUES ('4abe1624', 'MONOGRAPH', '2a6d2ec2', '6975f032', 'finish', 12, 1);
INSERT INTO item_template (id, tenant_id, category_id, parent_item_id, item_description, item_order, depth) VALUES ('8d063b43', 'MONOGRAPH', '2a6d2ec2', NULL, 'D3', 13, 0);
INSERT INTO item_template (id, tenant_id, category_id, parent_item_id, item_description, item_order, depth) VALUES ('124015dc', 'MONOGRAPH', '2a6d2ec2', '8d063b43', 'installation', 14, 1);
INSERT INTO item_template (id, tenant_id, category_id, parent_item_id, item_description, item_order, depth) VALUES ('a6939da2', 'MONOGRAPH', '2a6d2ec2', '8d063b43', 'operation', 15, 1);
INSERT INTO item_template (id, tenant_id, category_id, parent_item_id, item_description, item_order, depth) VALUES ('25dda2a3', 'MONOGRAPH', '2a6d2ec2', '8d063b43', 'frame & coating', 16, 1);
INSERT INTO item_template (id, tenant_id, category_id, parent_item_id, item_description, item_order, depth) VALUES ('acf61869', 'MONOGRAPH', 'a7a03d5a', NULL, 'Full height tiling all round', 1, 1);
INSERT INTO item_template (id, tenant_id, category_id, parent_item_id, item_description, item_order, depth) VALUES ('3016c121', 'MONOGRAPH', 'a7a03d5a', NULL, 'tile trim on shower step', 2, 1);
INSERT INTO item_template (id, tenant_id, category_id, parent_item_id, item_description, item_order, depth) VALUES ('df84942f', 'MONOGRAPH', 'a7a03d5a', NULL, 'tile trim on duct wall corner', 3, 1);
INSERT INTO item_template (id, tenant_id, category_id, parent_item_id, item_description, item_order, depth) VALUES ('7b044b27', 'MONOGRAPH', 'a7a03d5a', NULL, 'tile trim on WC pipe cover', 4, 1);
INSERT INTO item_template (id, tenant_id, category_id, parent_item_id, item_description, item_order, depth) VALUES ('76c93f42', 'MONOGRAPH', 'a7a03d5a', NULL, 'tile into window sill', 5, 1);
INSERT INTO item_template (id, tenant_id, category_id, parent_item_id, item_description, item_order, depth) VALUES ('347c7f63', 'MONOGRAPH', 'a7a03d5a', NULL, 'tile trim on window reveal', 6, 1);
INSERT INTO item_template (id, tenant_id, category_id, parent_item_id, item_description, item_order, depth) VALUES ('f1438790', 'MONOGRAPH', 'a7a03d5a', NULL, 'grout dove grey', 7, 1);
INSERT INTO item_template (id, tenant_id, category_id, parent_item_id, item_description, item_order, depth) VALUES ('ef937d8f', 'MONOGRAPH', 'a7a03d5a', NULL, 'chipped/broken/hollow tiles', 8, 1);
INSERT INTO item_template (id, tenant_id, category_id, parent_item_id, item_description, item_order, depth) VALUES ('fc632a8a', 'MONOGRAPH', 'a7a03d5a', NULL, 'shadow line recess at ceiling', 9, 1);
INSERT INTO item_template (id, tenant_id, category_id, parent_item_id, item_description, item_order, depth) VALUES ('a0481b36', 'MONOGRAPH', 'a7a03d5a', NULL, 'Airbrick in shower', 10, 0);
INSERT INTO item_template (id, tenant_id, category_id, parent_item_id, item_description, item_order, depth) VALUES ('7cd10dda', 'MONOGRAPH', 'a7a03d5a', 'a0481b36', 'finish', 11, 1);
INSERT INTO item_template (id, tenant_id, category_id, parent_item_id, item_description, item_order, depth) VALUES ('1a2fbc6b', 'MONOGRAPH', '88ca3c88', NULL, 'W2', 1, 0);
INSERT INTO item_template (id, tenant_id, category_id, parent_item_id, item_description, item_order, depth) VALUES ('07d644a5', 'MONOGRAPH', '88ca3c88', '1a2fbc6b', 'frame & coating', 2, 1);
INSERT INTO item_template (id, tenant_id, category_id, parent_item_id, item_description, item_order, depth) VALUES ('0514ada9', 'MONOGRAPH', '88ca3c88', '1a2fbc6b', 'glass - frosted on fixed panel', 3, 1);
INSERT INTO item_template (id, tenant_id, category_id, parent_item_id, item_description, item_order, depth) VALUES ('8a7da288', 'MONOGRAPH', '88ca3c88', '1a2fbc6b', 'hinges', 4, 1);
INSERT INTO item_template (id, tenant_id, category_id, parent_item_id, item_description, item_order, depth) VALUES ('e2528889', 'MONOGRAPH', '88ca3c88', '1a2fbc6b', 'gaskets', 5, 1);
INSERT INTO item_template (id, tenant_id, category_id, parent_item_id, item_description, item_order, depth) VALUES ('051081c5', 'MONOGRAPH', '88ca3c88', '1a2fbc6b', 'operation', 6, 1);
INSERT INTO item_template (id, tenant_id, category_id, parent_item_id, item_description, item_order, depth) VALUES ('4e025b9c', 'MONOGRAPH', '88ca3c88', '1a2fbc6b', 'burglar bars', 7, 1);
INSERT INTO item_template (id, tenant_id, category_id, parent_item_id, item_description, item_order, depth) VALUES ('f8fb4aed', 'MONOGRAPH', '88ca3c88', '1a2fbc6b', 'sill', 8, 1);
INSERT INTO item_template (id, tenant_id, category_id, parent_item_id, item_description, item_order, depth) VALUES ('f27f045d', 'MONOGRAPH', 'b092f969', NULL, 'FLOOR', 1, 0);
INSERT INTO item_template (id, tenant_id, category_id, parent_item_id, item_description, item_order, depth) VALUES ('818a1716', 'MONOGRAPH', 'b092f969', 'f27f045d', 'chipped/broken/hollow tiles', 2, 1);
INSERT INTO item_template (id, tenant_id, category_id, parent_item_id, item_description, item_order, depth) VALUES ('8fa8781c', 'MONOGRAPH', 'b092f969', 'f27f045d', 'grout dove grey', 3, 1);
INSERT INTO item_template (id, tenant_id, category_id, parent_item_id, item_description, item_order, depth) VALUES ('e6260484', 'MONOGRAPH', 'b092f969', NULL, 'mosaic tiles in shower', 4, 0);
INSERT INTO item_template (id, tenant_id, category_id, parent_item_id, item_description, item_order, depth) VALUES ('d5c6a122', 'MONOGRAPH', 'b092f969', 'e6260484', 'dark grey grout in shower', 5, 1);
INSERT INTO item_template (id, tenant_id, category_id, parent_item_id, item_description, item_order, depth) VALUES ('852c37b8', 'MONOGRAPH', 'b092f969', 'e6260484', 'chipped/broken/hollow tiles', 6, 1);
INSERT INTO item_template (id, tenant_id, category_id, parent_item_id, item_description, item_order, depth) VALUES ('88b333f7', 'MONOGRAPH', 'b092f969', 'e6260484', 'fall to trap', 7, 1);
INSERT INTO item_template (id, tenant_id, category_id, parent_item_id, item_description, item_order, depth) VALUES ('d13897d2', 'MONOGRAPH', '9ba493cf', NULL, 'CEILING', 1, 0);
INSERT INTO item_template (id, tenant_id, category_id, parent_item_id, item_description, item_order, depth) VALUES ('faea42ac', 'MONOGRAPH', '9ba493cf', 'd13897d2', 'paint-white enamel', 2, 1);
INSERT INTO item_template (id, tenant_id, category_id, parent_item_id, item_description, item_order, depth) VALUES ('aa7d65dc', 'MONOGRAPH', '9ba493cf', 'd13897d2', 'plaster recess', 3, 1);
INSERT INTO item_template (id, tenant_id, category_id, parent_item_id, item_description, item_order, depth) VALUES ('afc801a3', 'MONOGRAPH', 'e3dabfdd', NULL, 'ELECTRICAL', 1, 0);
INSERT INTO item_template (id, tenant_id, category_id, parent_item_id, item_description, item_order, depth) VALUES ('107b77d6', 'MONOGRAPH', 'e3dabfdd', 'afc801a3', 'ceiling mounted light x 2 bulbs', 2, 1);
INSERT INTO item_template (id, tenant_id, category_id, parent_item_id, item_description, item_order, depth) VALUES ('ac926c57', 'MONOGRAPH', 'ec6d163b', NULL, 'WHB', 1, 0);
INSERT INTO item_template (id, tenant_id, category_id, parent_item_id, item_description, item_order, depth) VALUES ('1e31c282', 'MONOGRAPH', 'ec6d163b', 'ac926c57', 'installation', 2, 1);
INSERT INTO item_template (id, tenant_id, category_id, parent_item_id, item_description, item_order, depth) VALUES ('b23f9c15', 'MONOGRAPH', 'ec6d163b', 'ac926c57', 'operation', 3, 1);
INSERT INTO item_template (id, tenant_id, category_id, parent_item_id, item_description, item_order, depth) VALUES ('a1515443', 'MONOGRAPH', 'ec6d163b', 'ac926c57', 'plug', 4, 1);
INSERT INTO item_template (id, tenant_id, category_id, parent_item_id, item_description, item_order, depth) VALUES ('2cdb6424', 'MONOGRAPH', 'ec6d163b', 'ac926c57', 'p-trap', 5, 1);
INSERT INTO item_template (id, tenant_id, category_id, parent_item_id, item_description, item_order, depth) VALUES ('78f827b4', 'MONOGRAPH', 'ec6d163b', NULL, 'Mixer', 6, 0);
INSERT INTO item_template (id, tenant_id, category_id, parent_item_id, item_description, item_order, depth) VALUES ('b3cb1299', 'MONOGRAPH', 'ec6d163b', '78f827b4', 'installation', 7, 1);
INSERT INTO item_template (id, tenant_id, category_id, parent_item_id, item_description, item_order, depth) VALUES ('ac6bfae8', 'MONOGRAPH', 'ec6d163b', '78f827b4', 'operation', 8, 1);
INSERT INTO item_template (id, tenant_id, category_id, parent_item_id, item_description, item_order, depth) VALUES ('22b679a0', 'MONOGRAPH', 'ec6d163b', '78f827b4', 'hot water', 9, 1);
INSERT INTO item_template (id, tenant_id, category_id, parent_item_id, item_description, item_order, depth) VALUES ('8bb7d8ae', 'MONOGRAPH', 'ec6d163b', '78f827b4', 'cold water', 10, 1);
INSERT INTO item_template (id, tenant_id, category_id, parent_item_id, item_description, item_order, depth) VALUES ('6f34a0f5', 'MONOGRAPH', 'ec6d163b', NULL, 'WC', 11, 0);
INSERT INTO item_template (id, tenant_id, category_id, parent_item_id, item_description, item_order, depth) VALUES ('8667f32c', 'MONOGRAPH', 'ec6d163b', '6f34a0f5', 'installation', 12, 1);
INSERT INTO item_template (id, tenant_id, category_id, parent_item_id, item_description, item_order, depth) VALUES ('9f1eb7ce', 'MONOGRAPH', 'ec6d163b', '6f34a0f5', 'operation', 13, 1);
INSERT INTO item_template (id, tenant_id, category_id, parent_item_id, item_description, item_order, depth) VALUES ('b9805e6c', 'MONOGRAPH', 'ec6d163b', '6f34a0f5', 'shut off valve', 14, 1);
INSERT INTO item_template (id, tenant_id, category_id, parent_item_id, item_description, item_order, depth) VALUES ('2879d87d', 'MONOGRAPH', 'ec6d163b', '6f34a0f5', 'seat', 15, 1);
INSERT INTO item_template (id, tenant_id, category_id, parent_item_id, item_description, item_order, depth) VALUES ('2a603234', 'MONOGRAPH', 'ec6d163b', NULL, 'SHR', 16, 0);
INSERT INTO item_template (id, tenant_id, category_id, parent_item_id, item_description, item_order, depth) VALUES ('ce5d3a51', 'MONOGRAPH', 'ec6d163b', NULL, 'Mixer', 17, 0);
INSERT INTO item_template (id, tenant_id, category_id, parent_item_id, item_description, item_order, depth) VALUES ('4d5f2168', 'MONOGRAPH', 'ec6d163b', 'ce5d3a51', 'installation', 18, 1);
INSERT INTO item_template (id, tenant_id, category_id, parent_item_id, item_description, item_order, depth) VALUES ('d4aab9e1', 'MONOGRAPH', 'ec6d163b', 'ce5d3a51', 'operation', 19, 1);
INSERT INTO item_template (id, tenant_id, category_id, parent_item_id, item_description, item_order, depth) VALUES ('4670863e', 'MONOGRAPH', 'ec6d163b', 'ce5d3a51', 'hot water', 20, 1);
INSERT INTO item_template (id, tenant_id, category_id, parent_item_id, item_description, item_order, depth) VALUES ('a1d687d8', 'MONOGRAPH', 'ec6d163b', 'ce5d3a51', 'cold water', 21, 1);
INSERT INTO item_template (id, tenant_id, category_id, parent_item_id, item_description, item_order, depth) VALUES ('5c8aa443', 'MONOGRAPH', 'ec6d163b', NULL, 'Rose', 22, 0);
INSERT INTO item_template (id, tenant_id, category_id, parent_item_id, item_description, item_order, depth) VALUES ('1beaecc9', 'MONOGRAPH', 'ec6d163b', '5c8aa443', 'installation', 23, 1);
INSERT INTO item_template (id, tenant_id, category_id, parent_item_id, item_description, item_order, depth) VALUES ('b131f27e', 'MONOGRAPH', 'ec6d163b', '5c8aa443', 'operation', 24, 1);
INSERT INTO item_template (id, tenant_id, category_id, parent_item_id, item_description, item_order, depth) VALUES ('c1b4d353', 'MONOGRAPH', 'ec6d163b', NULL, 'Arm', 25, 0);
INSERT INTO item_template (id, tenant_id, category_id, parent_item_id, item_description, item_order, depth) VALUES ('019d6605', 'MONOGRAPH', 'ec6d163b', 'c1b4d353', 'installation', 26, 1);
INSERT INTO item_template (id, tenant_id, category_id, parent_item_id, item_description, item_order, depth) VALUES ('9da629f0', 'MONOGRAPH', 'ec6d163b', 'c1b4d353', 'operation', 27, 1);
INSERT INTO item_template (id, tenant_id, category_id, parent_item_id, item_description, item_order, depth) VALUES ('79644686', 'MONOGRAPH', 'ec6d163b', NULL, 'Trap', 28, 0);
INSERT INTO item_template (id, tenant_id, category_id, parent_item_id, item_description, item_order, depth) VALUES ('a0f9a29d', 'MONOGRAPH', 'ec6d163b', '79644686', 'installation', 29, 1);
INSERT INTO item_template (id, tenant_id, category_id, parent_item_id, item_description, item_order, depth) VALUES ('0a8a0ca3', 'MONOGRAPH', 'ec6d163b', '79644686', 'operation', 30, 1);
INSERT INTO item_template (id, tenant_id, category_id, parent_item_id, item_description, item_order, depth) VALUES ('b5e33d23', 'MONOGRAPH', 'ec6d163b', NULL, 'Shut off valve Cold', 31, 0);
INSERT INTO item_template (id, tenant_id, category_id, parent_item_id, item_description, item_order, depth) VALUES ('a9e99c5e', 'MONOGRAPH', 'ec6d163b', 'b5e33d23', 'installation', 32, 1);
INSERT INTO item_template (id, tenant_id, category_id, parent_item_id, item_description, item_order, depth) VALUES ('52d96bc1', 'MONOGRAPH', 'ec6d163b', 'b5e33d23', 'operation', 33, 1);
INSERT INTO item_template (id, tenant_id, category_id, parent_item_id, item_description, item_order, depth) VALUES ('3fbc1db8', 'MONOGRAPH', 'ec6d163b', NULL, 'Shut off valve Hot', 34, 0);
INSERT INTO item_template (id, tenant_id, category_id, parent_item_id, item_description, item_order, depth) VALUES ('e5372c9d', 'MONOGRAPH', 'ec6d163b', '3fbc1db8', 'installation', 35, 1);
INSERT INTO item_template (id, tenant_id, category_id, parent_item_id, item_description, item_order, depth) VALUES ('d21c5759', 'MONOGRAPH', 'ec6d163b', '3fbc1db8', 'operation', 36, 1);
INSERT INTO item_template (id, tenant_id, category_id, parent_item_id, item_description, item_order, depth) VALUES ('b7926d75', 'MONOGRAPH', '190f01d6', NULL, 'mirror', 1, 1);
INSERT INTO item_template (id, tenant_id, category_id, parent_item_id, item_description, item_order, depth) VALUES ('0938885b', 'MONOGRAPH', '190f01d6', NULL, 'shelf under mirror', 2, 1);
INSERT INTO item_template (id, tenant_id, category_id, parent_item_id, item_description, item_order, depth) VALUES ('afa84132', 'MONOGRAPH', '190f01d6', NULL, 'robe hook on shower wall', 3, 1);
INSERT INTO item_template (id, tenant_id, category_id, parent_item_id, item_description, item_order, depth) VALUES ('b4a7d129', 'MONOGRAPH', '190f01d6', NULL, 'robe hook behind door on wall', 4, 1);
INSERT INTO item_template (id, tenant_id, category_id, parent_item_id, item_description, item_order, depth) VALUES ('6c44b28e', 'MONOGRAPH', '190f01d6', NULL, 'toilet roll holder', 5, 1);
INSERT INTO item_template (id, tenant_id, category_id, parent_item_id, item_description, item_order, depth) VALUES ('24b4b47b', 'MONOGRAPH', '4c4cf0cd', NULL, 'D2', 1, 0);
INSERT INTO item_template (id, tenant_id, category_id, parent_item_id, item_description, item_order, depth) VALUES ('04796e27', 'MONOGRAPH', '4c4cf0cd', '24b4b47b', 'finished all round', 2, 1);
INSERT INTO item_template (id, tenant_id, category_id, parent_item_id, item_description, item_order, depth) VALUES ('2b8649e7', 'MONOGRAPH', '4c4cf0cd', '24b4b47b', 'paint on outside - Divina', 3, 1);
INSERT INTO item_template (id, tenant_id, category_id, parent_item_id, item_description, item_order, depth) VALUES ('212cf40b', 'MONOGRAPH', '4c4cf0cd', NULL, 'Frame', 4, 0);
INSERT INTO item_template (id, tenant_id, category_id, parent_item_id, item_description, item_order, depth) VALUES ('eae7e6e1', 'MONOGRAPH', '4c4cf0cd', '212cf40b', 'hinges', 5, 1);
INSERT INTO item_template (id, tenant_id, category_id, parent_item_id, item_description, item_order, depth) VALUES ('afcc1bc2', 'MONOGRAPH', '4c4cf0cd', '212cf40b', 'finish', 6, 1);
INSERT INTO item_template (id, tenant_id, category_id, parent_item_id, item_description, item_order, depth) VALUES ('01a96116', 'MONOGRAPH', '4c4cf0cd', '212cf40b', 'paint on outside - Divina', 7, 1);
INSERT INTO item_template (id, tenant_id, category_id, parent_item_id, item_description, item_order, depth) VALUES ('3909107f', 'MONOGRAPH', '4c4cf0cd', NULL, 'Ironmongery', 8, 0);
INSERT INTO item_template (id, tenant_id, category_id, parent_item_id, item_description, item_order, depth) VALUES ('557dfea3', 'MONOGRAPH', '4c4cf0cd', '3909107f', 'residence lock handle', 9, 1);
INSERT INTO item_template (id, tenant_id, category_id, parent_item_id, item_description, item_order, depth) VALUES ('cc84d464', 'MONOGRAPH', '4c4cf0cd', '3909107f', 'lockset - cylinder and thumb turn', 10, 1);
INSERT INTO item_template (id, tenant_id, category_id, parent_item_id, item_description, item_order, depth) VALUES ('aae98150', 'MONOGRAPH', '4c4cf0cd', '3909107f', 'key - A', 11, 1);
INSERT INTO item_template (id, tenant_id, category_id, parent_item_id, item_description, item_order, depth) VALUES ('039bdc70', 'MONOGRAPH', '4c4cf0cd', '3909107f', 'door stop', 12, 1);
INSERT INTO item_template (id, tenant_id, category_id, parent_item_id, item_description, item_order, depth) VALUES ('196912e5', 'MONOGRAPH', '4c4cf0cd', '3909107f', 'Signage', 13, 1);
INSERT INTO item_template (id, tenant_id, category_id, parent_item_id, item_description, item_order, depth) VALUES ('028e00cc', 'MONOGRAPH', '02924aaf', NULL, 'WALLS', 1, 0);
INSERT INTO item_template (id, tenant_id, category_id, parent_item_id, item_description, item_order, depth) VALUES ('e6f434e1', 'MONOGRAPH', '02924aaf', '028e00cc', 'smooth plaster', 2, 1);
INSERT INTO item_template (id, tenant_id, category_id, parent_item_id, item_description, item_order, depth) VALUES ('a1eecb62', 'MONOGRAPH', '02924aaf', '028e00cc', 'paint-orchid bay', 3, 1);
INSERT INTO item_template (id, tenant_id, category_id, parent_item_id, item_description, item_order, depth) VALUES ('59a4040c', 'MONOGRAPH', '02924aaf', '028e00cc', 'paint - Divina', 4, 1);
INSERT INTO item_template (id, tenant_id, category_id, parent_item_id, item_description, item_order, depth) VALUES ('4c05e67d', 'MONOGRAPH', '02924aaf', '028e00cc', 'plaster recess at ceiling', 5, 1);
INSERT INTO item_template (id, tenant_id, category_id, parent_item_id, item_description, item_order, depth) VALUES ('45582660', 'MONOGRAPH', 'b358af65', NULL, 'W4', 1, 0);
INSERT INTO item_template (id, tenant_id, category_id, parent_item_id, item_description, item_order, depth) VALUES ('db6da547', 'MONOGRAPH', 'b358af65', '45582660', 'frame & coating', 2, 1);
INSERT INTO item_template (id, tenant_id, category_id, parent_item_id, item_description, item_order, depth) VALUES ('0a294996', 'MONOGRAPH', 'b358af65', '45582660', 'glass', 3, 1);
INSERT INTO item_template (id, tenant_id, category_id, parent_item_id, item_description, item_order, depth) VALUES ('1dda5625', 'MONOGRAPH', 'b358af65', '45582660', 'hinges', 4, 1);
INSERT INTO item_template (id, tenant_id, category_id, parent_item_id, item_description, item_order, depth) VALUES ('5be0243e', 'MONOGRAPH', 'b358af65', '45582660', 'gaskets', 5, 1);
INSERT INTO item_template (id, tenant_id, category_id, parent_item_id, item_description, item_order, depth) VALUES ('5d02b531', 'MONOGRAPH', 'b358af65', '45582660', 'operation', 6, 1);
INSERT INTO item_template (id, tenant_id, category_id, parent_item_id, item_description, item_order, depth) VALUES ('f029f58b', 'MONOGRAPH', 'b358af65', '45582660', 'burglar bars', 7, 1);
INSERT INTO item_template (id, tenant_id, category_id, parent_item_id, item_description, item_order, depth) VALUES ('4b7bbc57', 'MONOGRAPH', 'b358af65', '45582660', 'sill', 8, 1);
INSERT INTO item_template (id, tenant_id, category_id, parent_item_id, item_description, item_order, depth) VALUES ('76ec5f36', 'MONOGRAPH', '629705da', NULL, 'FLOOR', 1, 0);
INSERT INTO item_template (id, tenant_id, category_id, parent_item_id, item_description, item_order, depth) VALUES ('41c9bd11', 'MONOGRAPH', '629705da', '76ec5f36', 'chipped/broken/hollow tiles', 2, 1);
INSERT INTO item_template (id, tenant_id, category_id, parent_item_id, item_description, item_order, depth) VALUES ('e1d9e932', 'MONOGRAPH', '629705da', '76ec5f36', 'grout dove grey', 3, 1);
INSERT INTO item_template (id, tenant_id, category_id, parent_item_id, item_description, item_order, depth) VALUES ('14eb7511', 'MONOGRAPH', '629705da', '76ec5f36', 'tile skirting', 4, 1);
INSERT INTO item_template (id, tenant_id, category_id, parent_item_id, item_description, item_order, depth) VALUES ('f3d729dd', 'MONOGRAPH', 'ab5f84ee', NULL, 'CEILING', 1, 0);
INSERT INTO item_template (id, tenant_id, category_id, parent_item_id, item_description, item_order, depth) VALUES ('0ace260f', 'MONOGRAPH', 'ab5f84ee', 'f3d729dd', 'paint-orchid bay', 2, 1);
INSERT INTO item_template (id, tenant_id, category_id, parent_item_id, item_description, item_order, depth) VALUES ('73971770', 'MONOGRAPH', 'ab5f84ee', 'f3d729dd', 'paint - Divina', 3, 1);
INSERT INTO item_template (id, tenant_id, category_id, parent_item_id, item_description, item_order, depth) VALUES ('4a540031', 'MONOGRAPH', 'a600e1a2', NULL, 'ELECTRICAL', 1, 0);
INSERT INTO item_template (id, tenant_id, category_id, parent_item_id, item_description, item_order, depth) VALUES ('110e7bcc', 'MONOGRAPH', 'a600e1a2', '4a540031', 'ceiling mounted light x 1 bulbs', 2, 1);
INSERT INTO item_template (id, tenant_id, category_id, parent_item_id, item_description, item_order, depth) VALUES ('4033e53f', 'MONOGRAPH', 'a600e1a2', '4a540031', 'study desk light x 1 bulb', 3, 1);
INSERT INTO item_template (id, tenant_id, category_id, parent_item_id, item_description, item_order, depth) VALUES ('554d76c3', 'MONOGRAPH', 'a600e1a2', '4a540031', 'panel heater plug wall 01', 4, 1);
INSERT INTO item_template (id, tenant_id, category_id, parent_item_id, item_description, item_order, depth) VALUES ('28999baf', 'MONOGRAPH', 'a600e1a2', '4a540031', 'combination plug wall 03', 5, 1);
INSERT INTO item_template (id, tenant_id, category_id, parent_item_id, item_description, item_order, depth) VALUES ('1aeff3ea', 'MONOGRAPH', 'a600e1a2', '4a540031', 'double light switch on wall 02', 6, 1);
INSERT INTO item_template (id, tenant_id, category_id, parent_item_id, item_description, item_order, depth) VALUES ('4d0cd1f0', 'MONOGRAPH', '7b2eb261', NULL, 'B.I.C.', 1, 0);
INSERT INTO item_template (id, tenant_id, category_id, parent_item_id, item_description, item_order, depth) VALUES ('ed15ccaf', 'MONOGRAPH', '7b2eb261', '4d0cd1f0', 'layout', 2, 1);
INSERT INTO item_template (id, tenant_id, category_id, parent_item_id, item_description, item_order, depth) VALUES ('1ca36641', 'MONOGRAPH', '7b2eb261', '4d0cd1f0', 'fixing to wall', 3, 1);
INSERT INTO item_template (id, tenant_id, category_id, parent_item_id, item_description, item_order, depth) VALUES ('87c623cb', 'MONOGRAPH', '7b2eb261', '4d0cd1f0', 'carcass', 4, 1);
INSERT INTO item_template (id, tenant_id, category_id, parent_item_id, item_description, item_order, depth) VALUES ('dc0e02ee', 'MONOGRAPH', '7b2eb261', '4d0cd1f0', 'finish', 5, 1);
INSERT INTO item_template (id, tenant_id, category_id, parent_item_id, item_description, item_order, depth) VALUES ('557d6486', 'MONOGRAPH', '7b2eb261', '4d0cd1f0', 'hinges', 6, 1);
INSERT INTO item_template (id, tenant_id, category_id, parent_item_id, item_description, item_order, depth) VALUES ('eb55dc39', 'MONOGRAPH', '7b2eb261', '4d0cd1f0', 'handles', 7, 1);
INSERT INTO item_template (id, tenant_id, category_id, parent_item_id, item_description, item_order, depth) VALUES ('a1b8e817', 'MONOGRAPH', '7b2eb261', NULL, 'Floating shelf', 8, 0);
INSERT INTO item_template (id, tenant_id, category_id, parent_item_id, item_description, item_order, depth) VALUES ('519d4580', 'MONOGRAPH', '7b2eb261', 'a1b8e817', 'installation', 9, 1);
INSERT INTO item_template (id, tenant_id, category_id, parent_item_id, item_description, item_order, depth) VALUES ('468ece9d', 'MONOGRAPH', '7b2eb261', 'a1b8e817', 'finish', 10, 1);
INSERT INTO item_template (id, tenant_id, category_id, parent_item_id, item_description, item_order, depth) VALUES ('ed43d43a', 'MONOGRAPH', '7b2eb261', NULL, 'Study desk', 11, 0);
INSERT INTO item_template (id, tenant_id, category_id, parent_item_id, item_description, item_order, depth) VALUES ('bff8ca7f', 'MONOGRAPH', '7b2eb261', 'ed43d43a', 'layout', 12, 1);
INSERT INTO item_template (id, tenant_id, category_id, parent_item_id, item_description, item_order, depth) VALUES ('03e99050', 'MONOGRAPH', '7b2eb261', 'ed43d43a', 'fixing to wall', 13, 1);
INSERT INTO item_template (id, tenant_id, category_id, parent_item_id, item_description, item_order, depth) VALUES ('d9b6f2ac', 'MONOGRAPH', '7b2eb261', 'ed43d43a', 'carcass', 14, 1);
INSERT INTO item_template (id, tenant_id, category_id, parent_item_id, item_description, item_order, depth) VALUES ('fa7f85d7', 'MONOGRAPH', '7b2eb261', 'ed43d43a', 'finish', 15, 1);
INSERT INTO item_template (id, tenant_id, category_id, parent_item_id, item_description, item_order, depth) VALUES ('dd6fc0d0', 'MONOGRAPH', '7b2eb261', 'ed43d43a', 'top', 16, 1);
INSERT INTO item_template (id, tenant_id, category_id, parent_item_id, item_description, item_order, depth) VALUES ('078888d2', 'MONOGRAPH', 'f7be63e7', NULL, 'single bed', 1, 1);
INSERT INTO item_template (id, tenant_id, category_id, parent_item_id, item_description, item_order, depth) VALUES ('7d1f2e4f', 'MONOGRAPH', 'f7be63e7', NULL, 'mattress', 2, 1);
INSERT INTO item_template (id, tenant_id, category_id, parent_item_id, item_description, item_order, depth) VALUES ('927c1174', 'MONOGRAPH', 'f7be63e7', NULL, 'robe hook', 3, 1);
INSERT INTO item_template (id, tenant_id, category_id, parent_item_id, item_description, item_order, depth) VALUES ('d0262104', 'MONOGRAPH', 'f7be63e7', NULL, 'desk chair', 4, 1);
INSERT INTO item_template (id, tenant_id, category_id, parent_item_id, item_description, item_order, depth) VALUES ('7d7e29c6', 'MONOGRAPH', 'f7be63e7', NULL, 'towel rail', 5, 1);
INSERT INTO item_template (id, tenant_id, category_id, parent_item_id, item_description, item_order, depth) VALUES ('5d45a701', 'MONOGRAPH', 'f7be63e7', NULL, 'Panel heater', 6, 0);
INSERT INTO item_template (id, tenant_id, category_id, parent_item_id, item_description, item_order, depth) VALUES ('34ea5535', 'MONOGRAPH', 'f7be63e7', '5d45a701', 'installation', 7, 1);
INSERT INTO item_template (id, tenant_id, category_id, parent_item_id, item_description, item_order, depth) VALUES ('d1d59d05', 'MONOGRAPH', 'f7be63e7', '5d45a701', 'operation', 8, 1);
INSERT INTO item_template (id, tenant_id, category_id, parent_item_id, item_description, item_order, depth) VALUES ('26c05c6a', 'MONOGRAPH', 'f7be63e7', NULL, 'Blind', 9, 0);
INSERT INTO item_template (id, tenant_id, category_id, parent_item_id, item_description, item_order, depth) VALUES ('f0b24a5f', 'MONOGRAPH', 'f7be63e7', '26c05c6a', 'installation', 10, 1);
INSERT INTO item_template (id, tenant_id, category_id, parent_item_id, item_description, item_order, depth) VALUES ('15f1af2e', 'MONOGRAPH', 'f7be63e7', '26c05c6a', 'operation', 11, 1);
INSERT INTO item_template (id, tenant_id, category_id, parent_item_id, item_description, item_order, depth) VALUES ('7987028d', 'MONOGRAPH', '26ac325c', NULL, 'D2', 1, 0);
INSERT INTO item_template (id, tenant_id, category_id, parent_item_id, item_description, item_order, depth) VALUES ('b1f2960d', 'MONOGRAPH', '26ac325c', '7987028d', 'finished all round', 2, 1);
INSERT INTO item_template (id, tenant_id, category_id, parent_item_id, item_description, item_order, depth) VALUES ('5793d608', 'MONOGRAPH', '26ac325c', '7987028d', 'paint on outside - Lemon Rind', 3, 1);
INSERT INTO item_template (id, tenant_id, category_id, parent_item_id, item_description, item_order, depth) VALUES ('622ed9f0', 'MONOGRAPH', '26ac325c', NULL, 'Frame', 4, 0);
INSERT INTO item_template (id, tenant_id, category_id, parent_item_id, item_description, item_order, depth) VALUES ('31774738', 'MONOGRAPH', '26ac325c', '622ed9f0', 'hinges', 5, 1);
INSERT INTO item_template (id, tenant_id, category_id, parent_item_id, item_description, item_order, depth) VALUES ('340d94a3', 'MONOGRAPH', '26ac325c', '622ed9f0', 'finish', 6, 1);
INSERT INTO item_template (id, tenant_id, category_id, parent_item_id, item_description, item_order, depth) VALUES ('8b80d8a5', 'MONOGRAPH', '26ac325c', '622ed9f0', 'paint on outside - Lemon Rind', 7, 1);
INSERT INTO item_template (id, tenant_id, category_id, parent_item_id, item_description, item_order, depth) VALUES ('412e122e', 'MONOGRAPH', '26ac325c', NULL, 'Ironmongery', 8, 0);
INSERT INTO item_template (id, tenant_id, category_id, parent_item_id, item_description, item_order, depth) VALUES ('80f75409', 'MONOGRAPH', '26ac325c', '412e122e', 'residence lock handle', 9, 1);
INSERT INTO item_template (id, tenant_id, category_id, parent_item_id, item_description, item_order, depth) VALUES ('1e45af79', 'MONOGRAPH', '26ac325c', '412e122e', 'lockset - cylinder and thumb turn', 10, 1);
INSERT INTO item_template (id, tenant_id, category_id, parent_item_id, item_description, item_order, depth) VALUES ('cea16d6c', 'MONOGRAPH', '26ac325c', '412e122e', 'key - B', 11, 1);
INSERT INTO item_template (id, tenant_id, category_id, parent_item_id, item_description, item_order, depth) VALUES ('aef89fec', 'MONOGRAPH', '26ac325c', '412e122e', 'door stop', 12, 1);
INSERT INTO item_template (id, tenant_id, category_id, parent_item_id, item_description, item_order, depth) VALUES ('a829adca', 'MONOGRAPH', '26ac325c', '412e122e', 'Signage', 13, 1);
INSERT INTO item_template (id, tenant_id, category_id, parent_item_id, item_description, item_order, depth) VALUES ('d34e733d', 'MONOGRAPH', '82d9910b', NULL, 'WALLS', 1, 0);
INSERT INTO item_template (id, tenant_id, category_id, parent_item_id, item_description, item_order, depth) VALUES ('d1bfc830', 'MONOGRAPH', '82d9910b', 'd34e733d', 'smooth plaster', 2, 1);
INSERT INTO item_template (id, tenant_id, category_id, parent_item_id, item_description, item_order, depth) VALUES ('a7d14262', 'MONOGRAPH', '82d9910b', 'd34e733d', 'paint-orchid bay', 3, 1);
INSERT INTO item_template (id, tenant_id, category_id, parent_item_id, item_description, item_order, depth) VALUES ('f2df64a6', 'MONOGRAPH', '82d9910b', 'd34e733d', 'paint - Lemon Rind', 4, 1);
INSERT INTO item_template (id, tenant_id, category_id, parent_item_id, item_description, item_order, depth) VALUES ('4605f30f', 'MONOGRAPH', '82d9910b', 'd34e733d', 'plaster recess at ceiling', 5, 1);
INSERT INTO item_template (id, tenant_id, category_id, parent_item_id, item_description, item_order, depth) VALUES ('6cce7bc4', 'MONOGRAPH', '9de2abd1', NULL, 'W3', 1, 0);
INSERT INTO item_template (id, tenant_id, category_id, parent_item_id, item_description, item_order, depth) VALUES ('09b9fc9b', 'MONOGRAPH', '9de2abd1', '6cce7bc4', 'frame & coating', 2, 1);
INSERT INTO item_template (id, tenant_id, category_id, parent_item_id, item_description, item_order, depth) VALUES ('59a35f5a', 'MONOGRAPH', '9de2abd1', '6cce7bc4', 'glass', 3, 1);
INSERT INTO item_template (id, tenant_id, category_id, parent_item_id, item_description, item_order, depth) VALUES ('6348ca23', 'MONOGRAPH', '9de2abd1', '6cce7bc4', 'hinges', 4, 1);
INSERT INTO item_template (id, tenant_id, category_id, parent_item_id, item_description, item_order, depth) VALUES ('0ff76a3f', 'MONOGRAPH', '9de2abd1', '6cce7bc4', 'gaskets', 5, 1);
INSERT INTO item_template (id, tenant_id, category_id, parent_item_id, item_description, item_order, depth) VALUES ('d58ea077', 'MONOGRAPH', '9de2abd1', '6cce7bc4', 'operation', 6, 1);
INSERT INTO item_template (id, tenant_id, category_id, parent_item_id, item_description, item_order, depth) VALUES ('5521401d', 'MONOGRAPH', '9de2abd1', '6cce7bc4', 'burglar bars', 7, 1);
INSERT INTO item_template (id, tenant_id, category_id, parent_item_id, item_description, item_order, depth) VALUES ('6e79a407', 'MONOGRAPH', '9de2abd1', '6cce7bc4', 'sill', 8, 1);
INSERT INTO item_template (id, tenant_id, category_id, parent_item_id, item_description, item_order, depth) VALUES ('2ed16ab7', 'MONOGRAPH', '8321619c', NULL, 'chipped/broken/hollow tiles', 1, 1);
INSERT INTO item_template (id, tenant_id, category_id, parent_item_id, item_description, item_order, depth) VALUES ('81520953', 'MONOGRAPH', '8321619c', NULL, 'grout dove grey', 2, 1);
INSERT INTO item_template (id, tenant_id, category_id, parent_item_id, item_description, item_order, depth) VALUES ('1136f030', 'MONOGRAPH', '8321619c', NULL, 'tile skirting', 3, 1);
INSERT INTO item_template (id, tenant_id, category_id, parent_item_id, item_description, item_order, depth) VALUES ('89cbfb2d', 'MONOGRAPH', '64523e32', NULL, 'CEILING', 1, 0);
INSERT INTO item_template (id, tenant_id, category_id, parent_item_id, item_description, item_order, depth) VALUES ('b389dfc2', 'MONOGRAPH', '64523e32', '89cbfb2d', 'paint-orchid bay', 2, 1);
INSERT INTO item_template (id, tenant_id, category_id, parent_item_id, item_description, item_order, depth) VALUES ('205e2898', 'MONOGRAPH', '64523e32', '89cbfb2d', 'paint - Lemon Rind', 3, 1);
INSERT INTO item_template (id, tenant_id, category_id, parent_item_id, item_description, item_order, depth) VALUES ('5750f12e', 'MONOGRAPH', 'fc408e7e', NULL, 'ELECTRICAL', 1, 0);
INSERT INTO item_template (id, tenant_id, category_id, parent_item_id, item_description, item_order, depth) VALUES ('e3778360', 'MONOGRAPH', 'fc408e7e', '5750f12e', 'ceiling mounted light x 1 bulbs', 2, 1);
INSERT INTO item_template (id, tenant_id, category_id, parent_item_id, item_description, item_order, depth) VALUES ('e2fd6318', 'MONOGRAPH', 'fc408e7e', '5750f12e', 'study desk light x 1 bulb', 3, 1);
INSERT INTO item_template (id, tenant_id, category_id, parent_item_id, item_description, item_order, depth) VALUES ('a11aff40', 'MONOGRAPH', 'fc408e7e', '5750f12e', 'panel heater plug wall 07', 4, 1);
INSERT INTO item_template (id, tenant_id, category_id, parent_item_id, item_description, item_order, depth) VALUES ('a21624c2', 'MONOGRAPH', 'fc408e7e', '5750f12e', 'combination plug wall 05', 5, 1);
INSERT INTO item_template (id, tenant_id, category_id, parent_item_id, item_description, item_order, depth) VALUES ('de73d950', 'MONOGRAPH', 'fc408e7e', '5750f12e', 'double light switch on wall 08', 6, 1);
INSERT INTO item_template (id, tenant_id, category_id, parent_item_id, item_description, item_order, depth) VALUES ('580bebe3', 'MONOGRAPH', '02614e38', NULL, 'B.I.C.', 1, 0);
INSERT INTO item_template (id, tenant_id, category_id, parent_item_id, item_description, item_order, depth) VALUES ('1eb374be', 'MONOGRAPH', '02614e38', '580bebe3', 'layout', 2, 1);
INSERT INTO item_template (id, tenant_id, category_id, parent_item_id, item_description, item_order, depth) VALUES ('3b8b3f96', 'MONOGRAPH', '02614e38', '580bebe3', 'fixing to wall', 3, 1);
INSERT INTO item_template (id, tenant_id, category_id, parent_item_id, item_description, item_order, depth) VALUES ('2de13909', 'MONOGRAPH', '02614e38', '580bebe3', 'carcass', 4, 1);
INSERT INTO item_template (id, tenant_id, category_id, parent_item_id, item_description, item_order, depth) VALUES ('d3eaba92', 'MONOGRAPH', '02614e38', '580bebe3', 'finish', 5, 1);
INSERT INTO item_template (id, tenant_id, category_id, parent_item_id, item_description, item_order, depth) VALUES ('a7f0db32', 'MONOGRAPH', '02614e38', '580bebe3', 'hinges', 6, 1);
INSERT INTO item_template (id, tenant_id, category_id, parent_item_id, item_description, item_order, depth) VALUES ('15dc31bd', 'MONOGRAPH', '02614e38', '580bebe3', 'handles', 7, 1);
INSERT INTO item_template (id, tenant_id, category_id, parent_item_id, item_description, item_order, depth) VALUES ('a70f0f93', 'MONOGRAPH', '02614e38', NULL, 'Floating shelf', 8, 0);
INSERT INTO item_template (id, tenant_id, category_id, parent_item_id, item_description, item_order, depth) VALUES ('7b3e816b', 'MONOGRAPH', '02614e38', 'a70f0f93', 'installation', 9, 1);
INSERT INTO item_template (id, tenant_id, category_id, parent_item_id, item_description, item_order, depth) VALUES ('262bfbeb', 'MONOGRAPH', '02614e38', 'a70f0f93', 'finish', 10, 1);
INSERT INTO item_template (id, tenant_id, category_id, parent_item_id, item_description, item_order, depth) VALUES ('3b44bd96', 'MONOGRAPH', '02614e38', NULL, 'Study desk', 11, 0);
INSERT INTO item_template (id, tenant_id, category_id, parent_item_id, item_description, item_order, depth) VALUES ('f19b1e13', 'MONOGRAPH', '02614e38', '3b44bd96', 'layout', 12, 1);
INSERT INTO item_template (id, tenant_id, category_id, parent_item_id, item_description, item_order, depth) VALUES ('5d1dc2bd', 'MONOGRAPH', '02614e38', '3b44bd96', 'fixing to wall', 13, 1);
INSERT INTO item_template (id, tenant_id, category_id, parent_item_id, item_description, item_order, depth) VALUES ('efe27d9d', 'MONOGRAPH', '02614e38', '3b44bd96', 'carcass', 14, 1);
INSERT INTO item_template (id, tenant_id, category_id, parent_item_id, item_description, item_order, depth) VALUES ('43f70971', 'MONOGRAPH', '02614e38', '3b44bd96', 'finish', 15, 1);
INSERT INTO item_template (id, tenant_id, category_id, parent_item_id, item_description, item_order, depth) VALUES ('05790528', 'MONOGRAPH', '02614e38', '3b44bd96', 'top', 16, 1);
INSERT INTO item_template (id, tenant_id, category_id, parent_item_id, item_description, item_order, depth) VALUES ('d7c9d133', 'MONOGRAPH', 'e5f4fc7f', NULL, 'single bed', 1, 1);
INSERT INTO item_template (id, tenant_id, category_id, parent_item_id, item_description, item_order, depth) VALUES ('ad6e4d5b', 'MONOGRAPH', 'e5f4fc7f', NULL, 'mattress', 2, 1);
INSERT INTO item_template (id, tenant_id, category_id, parent_item_id, item_description, item_order, depth) VALUES ('936a5aec', 'MONOGRAPH', 'e5f4fc7f', NULL, 'robe hook', 3, 1);
INSERT INTO item_template (id, tenant_id, category_id, parent_item_id, item_description, item_order, depth) VALUES ('070c65ca', 'MONOGRAPH', 'e5f4fc7f', NULL, 'desk chair', 4, 1);
INSERT INTO item_template (id, tenant_id, category_id, parent_item_id, item_description, item_order, depth) VALUES ('31f0f475', 'MONOGRAPH', 'e5f4fc7f', NULL, 'towel rail', 5, 1);
INSERT INTO item_template (id, tenant_id, category_id, parent_item_id, item_description, item_order, depth) VALUES ('96baddae', 'MONOGRAPH', 'e5f4fc7f', NULL, 'Panel heater', 6, 0);
INSERT INTO item_template (id, tenant_id, category_id, parent_item_id, item_description, item_order, depth) VALUES ('9359dd96', 'MONOGRAPH', 'e5f4fc7f', '96baddae', 'installation', 7, 1);
INSERT INTO item_template (id, tenant_id, category_id, parent_item_id, item_description, item_order, depth) VALUES ('1f2fe184', 'MONOGRAPH', 'e5f4fc7f', '96baddae', 'operation', 8, 1);
INSERT INTO item_template (id, tenant_id, category_id, parent_item_id, item_description, item_order, depth) VALUES ('70e37fa6', 'MONOGRAPH', 'e5f4fc7f', NULL, 'Blind', 9, 0);
INSERT INTO item_template (id, tenant_id, category_id, parent_item_id, item_description, item_order, depth) VALUES ('220f697a', 'MONOGRAPH', 'e5f4fc7f', '70e37fa6', 'installation', 10, 1);
INSERT INTO item_template (id, tenant_id, category_id, parent_item_id, item_description, item_order, depth) VALUES ('2189cff1', 'MONOGRAPH', 'e5f4fc7f', '70e37fa6', 'operation', 11, 1);
INSERT INTO item_template (id, tenant_id, category_id, parent_item_id, item_description, item_order, depth) VALUES ('34010417', 'MONOGRAPH', '4e4ceca2', NULL, 'D2', 1, 0);
INSERT INTO item_template (id, tenant_id, category_id, parent_item_id, item_description, item_order, depth) VALUES ('80177e8e', 'MONOGRAPH', '4e4ceca2', '34010417', 'finished all round', 2, 1);
INSERT INTO item_template (id, tenant_id, category_id, parent_item_id, item_description, item_order, depth) VALUES ('6bc58353', 'MONOGRAPH', '4e4ceca2', '34010417', 'paint on outside - Glorious gold', 3, 1);
INSERT INTO item_template (id, tenant_id, category_id, parent_item_id, item_description, item_order, depth) VALUES ('91db75ab', 'MONOGRAPH', '4e4ceca2', NULL, 'Frame', 4, 0);
INSERT INTO item_template (id, tenant_id, category_id, parent_item_id, item_description, item_order, depth) VALUES ('e833bf33', 'MONOGRAPH', '4e4ceca2', '91db75ab', 'hinges', 5, 1);
INSERT INTO item_template (id, tenant_id, category_id, parent_item_id, item_description, item_order, depth) VALUES ('9fdcd89e', 'MONOGRAPH', '4e4ceca2', '91db75ab', 'finish', 6, 1);
INSERT INTO item_template (id, tenant_id, category_id, parent_item_id, item_description, item_order, depth) VALUES ('24dfa887', 'MONOGRAPH', '4e4ceca2', '91db75ab', 'paint on outside - Glorious gold', 7, 1);
INSERT INTO item_template (id, tenant_id, category_id, parent_item_id, item_description, item_order, depth) VALUES ('e553bad3', 'MONOGRAPH', '4e4ceca2', NULL, 'Ironmongery', 8, 0);
INSERT INTO item_template (id, tenant_id, category_id, parent_item_id, item_description, item_order, depth) VALUES ('c2e3219c', 'MONOGRAPH', '4e4ceca2', 'e553bad3', 'residence lock handle', 9, 1);
INSERT INTO item_template (id, tenant_id, category_id, parent_item_id, item_description, item_order, depth) VALUES ('4c0f7fbe', 'MONOGRAPH', '4e4ceca2', 'e553bad3', 'lockset - cylinder and thumb turn', 10, 1);
INSERT INTO item_template (id, tenant_id, category_id, parent_item_id, item_description, item_order, depth) VALUES ('d81f99e9', 'MONOGRAPH', '4e4ceca2', 'e553bad3', 'key - C', 11, 1);
INSERT INTO item_template (id, tenant_id, category_id, parent_item_id, item_description, item_order, depth) VALUES ('ed6e3126', 'MONOGRAPH', '4e4ceca2', 'e553bad3', 'door stop', 12, 1);
INSERT INTO item_template (id, tenant_id, category_id, parent_item_id, item_description, item_order, depth) VALUES ('dad5b52a', 'MONOGRAPH', '4e4ceca2', 'e553bad3', 'Signage', 13, 1);
INSERT INTO item_template (id, tenant_id, category_id, parent_item_id, item_description, item_order, depth) VALUES ('6624b692', 'MONOGRAPH', '2994b240', NULL, 'smooth plaster', 1, 1);
INSERT INTO item_template (id, tenant_id, category_id, parent_item_id, item_description, item_order, depth) VALUES ('5628303a', 'MONOGRAPH', '2994b240', NULL, 'paint-orchid bay', 2, 1);
INSERT INTO item_template (id, tenant_id, category_id, parent_item_id, item_description, item_order, depth) VALUES ('53a6348d', 'MONOGRAPH', '2994b240', NULL, 'paint - Glorious gold', 3, 1);
INSERT INTO item_template (id, tenant_id, category_id, parent_item_id, item_description, item_order, depth) VALUES ('9452ca42', 'MONOGRAPH', '2994b240', NULL, 'plaster recess at ceiling', 4, 1);
INSERT INTO item_template (id, tenant_id, category_id, parent_item_id, item_description, item_order, depth) VALUES ('37929e73', 'MONOGRAPH', 'b124514e', NULL, 'W3', 1, 0);
INSERT INTO item_template (id, tenant_id, category_id, parent_item_id, item_description, item_order, depth) VALUES ('1fae2eac', 'MONOGRAPH', 'b124514e', '37929e73', 'frame & coating', 2, 1);
INSERT INTO item_template (id, tenant_id, category_id, parent_item_id, item_description, item_order, depth) VALUES ('3f2f2146', 'MONOGRAPH', 'b124514e', '37929e73', 'glass', 3, 1);
INSERT INTO item_template (id, tenant_id, category_id, parent_item_id, item_description, item_order, depth) VALUES ('8ed179fe', 'MONOGRAPH', 'b124514e', '37929e73', 'hinges', 4, 1);
INSERT INTO item_template (id, tenant_id, category_id, parent_item_id, item_description, item_order, depth) VALUES ('13960def', 'MONOGRAPH', 'b124514e', '37929e73', 'gaskets', 5, 1);
INSERT INTO item_template (id, tenant_id, category_id, parent_item_id, item_description, item_order, depth) VALUES ('4bae57dc', 'MONOGRAPH', 'b124514e', '37929e73', 'operation', 6, 1);
INSERT INTO item_template (id, tenant_id, category_id, parent_item_id, item_description, item_order, depth) VALUES ('b3d74254', 'MONOGRAPH', 'b124514e', '37929e73', 'burglar bars', 7, 1);
INSERT INTO item_template (id, tenant_id, category_id, parent_item_id, item_description, item_order, depth) VALUES ('35a1d422', 'MONOGRAPH', 'b124514e', '37929e73', 'sill', 8, 1);
INSERT INTO item_template (id, tenant_id, category_id, parent_item_id, item_description, item_order, depth) VALUES ('8911e60e', 'MONOGRAPH', '398486c1', NULL, 'FLOOR', 1, 0);
INSERT INTO item_template (id, tenant_id, category_id, parent_item_id, item_description, item_order, depth) VALUES ('85620ac4', 'MONOGRAPH', '398486c1', '8911e60e', 'chipped/broken/hollow tiles', 2, 1);
INSERT INTO item_template (id, tenant_id, category_id, parent_item_id, item_description, item_order, depth) VALUES ('f34b4fe9', 'MONOGRAPH', '398486c1', '8911e60e', 'grout dove grey', 3, 1);
INSERT INTO item_template (id, tenant_id, category_id, parent_item_id, item_description, item_order, depth) VALUES ('6a0771ae', 'MONOGRAPH', '398486c1', '8911e60e', 'tile skirting', 4, 1);
INSERT INTO item_template (id, tenant_id, category_id, parent_item_id, item_description, item_order, depth) VALUES ('35a6f874', 'MONOGRAPH', 'dc27d1e3', NULL, 'CEILING', 1, 0);
INSERT INTO item_template (id, tenant_id, category_id, parent_item_id, item_description, item_order, depth) VALUES ('6579fac6', 'MONOGRAPH', 'dc27d1e3', '35a6f874', 'paint-orchid bay', 2, 1);
INSERT INTO item_template (id, tenant_id, category_id, parent_item_id, item_description, item_order, depth) VALUES ('e3f789d6', 'MONOGRAPH', 'dc27d1e3', '35a6f874', 'paint - Glorious gold', 3, 1);
INSERT INTO item_template (id, tenant_id, category_id, parent_item_id, item_description, item_order, depth) VALUES ('3bf9452f', 'MONOGRAPH', '6156db18', NULL, 'ELECTRICAL', 1, 0);
INSERT INTO item_template (id, tenant_id, category_id, parent_item_id, item_description, item_order, depth) VALUES ('75b4fde3', 'MONOGRAPH', '6156db18', '3bf9452f', 'ceiling mounted light x 1 bulbs', 2, 1);
INSERT INTO item_template (id, tenant_id, category_id, parent_item_id, item_description, item_order, depth) VALUES ('5be0a265', 'MONOGRAPH', '6156db18', '3bf9452f', 'study desk light x 1 bulb', 3, 1);
INSERT INTO item_template (id, tenant_id, category_id, parent_item_id, item_description, item_order, depth) VALUES ('ef4935cb', 'MONOGRAPH', '6156db18', '3bf9452f', 'panel heater plug wall 21', 4, 1);
INSERT INTO item_template (id, tenant_id, category_id, parent_item_id, item_description, item_order, depth) VALUES ('5cee2550', 'MONOGRAPH', '6156db18', '3bf9452f', 'combination plug wall 22', 5, 1);
INSERT INTO item_template (id, tenant_id, category_id, parent_item_id, item_description, item_order, depth) VALUES ('c57a6bb2', 'MONOGRAPH', '6156db18', '3bf9452f', 'double light switch on wall 24', 6, 1);
INSERT INTO item_template (id, tenant_id, category_id, parent_item_id, item_description, item_order, depth) VALUES ('ab566d85', 'MONOGRAPH', 'a747eb6d', NULL, 'B.I.C.', 1, 0);
INSERT INTO item_template (id, tenant_id, category_id, parent_item_id, item_description, item_order, depth) VALUES ('968ba64b', 'MONOGRAPH', 'a747eb6d', 'ab566d85', 'layout', 2, 1);
INSERT INTO item_template (id, tenant_id, category_id, parent_item_id, item_description, item_order, depth) VALUES ('3c88e688', 'MONOGRAPH', 'a747eb6d', 'ab566d85', 'fixing to wall', 3, 1);
INSERT INTO item_template (id, tenant_id, category_id, parent_item_id, item_description, item_order, depth) VALUES ('981e4097', 'MONOGRAPH', 'a747eb6d', 'ab566d85', 'carcass', 4, 1);
INSERT INTO item_template (id, tenant_id, category_id, parent_item_id, item_description, item_order, depth) VALUES ('4e25adea', 'MONOGRAPH', 'a747eb6d', 'ab566d85', 'finish', 5, 1);
INSERT INTO item_template (id, tenant_id, category_id, parent_item_id, item_description, item_order, depth) VALUES ('035a042f', 'MONOGRAPH', 'a747eb6d', 'ab566d85', 'hinges', 6, 1);
INSERT INTO item_template (id, tenant_id, category_id, parent_item_id, item_description, item_order, depth) VALUES ('f3578740', 'MONOGRAPH', 'a747eb6d', 'ab566d85', 'handles', 7, 1);
INSERT INTO item_template (id, tenant_id, category_id, parent_item_id, item_description, item_order, depth) VALUES ('5f4cf653', 'MONOGRAPH', 'a747eb6d', NULL, 'Floating shelf', 8, 0);
INSERT INTO item_template (id, tenant_id, category_id, parent_item_id, item_description, item_order, depth) VALUES ('0b929eb3', 'MONOGRAPH', 'a747eb6d', '5f4cf653', 'installation', 9, 1);
INSERT INTO item_template (id, tenant_id, category_id, parent_item_id, item_description, item_order, depth) VALUES ('2f006892', 'MONOGRAPH', 'a747eb6d', '5f4cf653', 'finish', 10, 1);
INSERT INTO item_template (id, tenant_id, category_id, parent_item_id, item_description, item_order, depth) VALUES ('d41739e5', 'MONOGRAPH', 'a747eb6d', NULL, 'Study desk', 11, 0);
INSERT INTO item_template (id, tenant_id, category_id, parent_item_id, item_description, item_order, depth) VALUES ('9df93678', 'MONOGRAPH', 'a747eb6d', 'd41739e5', 'layout', 12, 1);
INSERT INTO item_template (id, tenant_id, category_id, parent_item_id, item_description, item_order, depth) VALUES ('f42cffed', 'MONOGRAPH', 'a747eb6d', 'd41739e5', 'fixing to wall', 13, 1);
INSERT INTO item_template (id, tenant_id, category_id, parent_item_id, item_description, item_order, depth) VALUES ('6ba3e495', 'MONOGRAPH', 'a747eb6d', 'd41739e5', 'carcass', 14, 1);
INSERT INTO item_template (id, tenant_id, category_id, parent_item_id, item_description, item_order, depth) VALUES ('8cf30e13', 'MONOGRAPH', 'a747eb6d', 'd41739e5', 'finish', 15, 1);
INSERT INTO item_template (id, tenant_id, category_id, parent_item_id, item_description, item_order, depth) VALUES ('c4a5aa6b', 'MONOGRAPH', 'a747eb6d', 'd41739e5', 'top', 16, 1);
INSERT INTO item_template (id, tenant_id, category_id, parent_item_id, item_description, item_order, depth) VALUES ('30b99922', 'MONOGRAPH', '544cfb46', NULL, 'FF&E', 1, 0);
INSERT INTO item_template (id, tenant_id, category_id, parent_item_id, item_description, item_order, depth) VALUES ('69c1cf1c', 'MONOGRAPH', '544cfb46', '30b99922', 'single bed', 2, 1);
INSERT INTO item_template (id, tenant_id, category_id, parent_item_id, item_description, item_order, depth) VALUES ('2bd8271a', 'MONOGRAPH', '544cfb46', '30b99922', 'mattress', 3, 1);
INSERT INTO item_template (id, tenant_id, category_id, parent_item_id, item_description, item_order, depth) VALUES ('f3c554ab', 'MONOGRAPH', '544cfb46', '30b99922', 'robe hook', 4, 1);
INSERT INTO item_template (id, tenant_id, category_id, parent_item_id, item_description, item_order, depth) VALUES ('35352a04', 'MONOGRAPH', '544cfb46', '30b99922', 'desk chair', 5, 1);
INSERT INTO item_template (id, tenant_id, category_id, parent_item_id, item_description, item_order, depth) VALUES ('fe1f4b2d', 'MONOGRAPH', '544cfb46', '30b99922', 'towel rail', 6, 1);
INSERT INTO item_template (id, tenant_id, category_id, parent_item_id, item_description, item_order, depth) VALUES ('d959dbdc', 'MONOGRAPH', '544cfb46', NULL, 'Panel heater', 7, 0);
INSERT INTO item_template (id, tenant_id, category_id, parent_item_id, item_description, item_order, depth) VALUES ('ecb87392', 'MONOGRAPH', '544cfb46', 'd959dbdc', 'installation', 8, 1);
INSERT INTO item_template (id, tenant_id, category_id, parent_item_id, item_description, item_order, depth) VALUES ('7b76217f', 'MONOGRAPH', '544cfb46', 'd959dbdc', 'operation', 9, 1);
INSERT INTO item_template (id, tenant_id, category_id, parent_item_id, item_description, item_order, depth) VALUES ('df96557c', 'MONOGRAPH', '544cfb46', NULL, 'Blind', 10, 0);
INSERT INTO item_template (id, tenant_id, category_id, parent_item_id, item_description, item_order, depth) VALUES ('5249a8fd', 'MONOGRAPH', '544cfb46', 'df96557c', 'installation', 11, 1);
INSERT INTO item_template (id, tenant_id, category_id, parent_item_id, item_description, item_order, depth) VALUES ('dc8d6550', 'MONOGRAPH', '544cfb46', 'df96557c', 'operation', 12, 1);
INSERT INTO item_template (id, tenant_id, category_id, parent_item_id, item_description, item_order, depth) VALUES ('2563eaaf', 'MONOGRAPH', '16ede5e5', NULL, 'D2', 1, 0);
INSERT INTO item_template (id, tenant_id, category_id, parent_item_id, item_description, item_order, depth) VALUES ('212d83e1', 'MONOGRAPH', '16ede5e5', '2563eaaf', 'finished all round', 2, 1);
INSERT INTO item_template (id, tenant_id, category_id, parent_item_id, item_description, item_order, depth) VALUES ('45dd2301', 'MONOGRAPH', '16ede5e5', '2563eaaf', 'paint on outside - Yellow balloon', 3, 1);
INSERT INTO item_template (id, tenant_id, category_id, parent_item_id, item_description, item_order, depth) VALUES ('6e2d53af', 'MONOGRAPH', '16ede5e5', NULL, 'Frame', 4, 0);
INSERT INTO item_template (id, tenant_id, category_id, parent_item_id, item_description, item_order, depth) VALUES ('c0183fae', 'MONOGRAPH', '16ede5e5', '6e2d53af', 'hinges', 5, 1);
INSERT INTO item_template (id, tenant_id, category_id, parent_item_id, item_description, item_order, depth) VALUES ('66cc0d36', 'MONOGRAPH', '16ede5e5', '6e2d53af', 'finish', 6, 1);
INSERT INTO item_template (id, tenant_id, category_id, parent_item_id, item_description, item_order, depth) VALUES ('3b18b7d5', 'MONOGRAPH', '16ede5e5', '6e2d53af', 'paint on outside - Yellow balloon', 7, 1);
INSERT INTO item_template (id, tenant_id, category_id, parent_item_id, item_description, item_order, depth) VALUES ('26c72397', 'MONOGRAPH', '16ede5e5', NULL, 'Ironmongery', 8, 0);
INSERT INTO item_template (id, tenant_id, category_id, parent_item_id, item_description, item_order, depth) VALUES ('9d6fe4a5', 'MONOGRAPH', '16ede5e5', '26c72397', 'residence lock handle', 9, 1);
INSERT INTO item_template (id, tenant_id, category_id, parent_item_id, item_description, item_order, depth) VALUES ('bb4b4360', 'MONOGRAPH', '16ede5e5', '26c72397', 'lockset - cylinder and thumb turn', 10, 1);
INSERT INTO item_template (id, tenant_id, category_id, parent_item_id, item_description, item_order, depth) VALUES ('6f7226bd', 'MONOGRAPH', '16ede5e5', '26c72397', 'key - D', 11, 1);
INSERT INTO item_template (id, tenant_id, category_id, parent_item_id, item_description, item_order, depth) VALUES ('6f905df9', 'MONOGRAPH', '16ede5e5', '26c72397', 'door stop', 12, 1);
INSERT INTO item_template (id, tenant_id, category_id, parent_item_id, item_description, item_order, depth) VALUES ('04d2ad00', 'MONOGRAPH', '16ede5e5', '26c72397', 'Signage', 13, 1);
INSERT INTO item_template (id, tenant_id, category_id, parent_item_id, item_description, item_order, depth) VALUES ('44757b47', 'MONOGRAPH', '23b11e48', NULL, 'WALLS', 1, 0);
INSERT INTO item_template (id, tenant_id, category_id, parent_item_id, item_description, item_order, depth) VALUES ('05c84b01', 'MONOGRAPH', '23b11e48', '44757b47', 'smooth plaster', 2, 1);
INSERT INTO item_template (id, tenant_id, category_id, parent_item_id, item_description, item_order, depth) VALUES ('248d3871', 'MONOGRAPH', '23b11e48', '44757b47', 'paint-orchid bay', 3, 1);
INSERT INTO item_template (id, tenant_id, category_id, parent_item_id, item_description, item_order, depth) VALUES ('bd6a61c0', 'MONOGRAPH', '23b11e48', '44757b47', 'paint - Yellow balloon', 4, 1);
INSERT INTO item_template (id, tenant_id, category_id, parent_item_id, item_description, item_order, depth) VALUES ('0a0fb9b6', 'MONOGRAPH', '23b11e48', '44757b47', 'plaster recess at ceiling', 5, 1);
INSERT INTO item_template (id, tenant_id, category_id, parent_item_id, item_description, item_order, depth) VALUES ('798972ae', 'MONOGRAPH', '965ff75c', NULL, 'W3', 1, 0);
INSERT INTO item_template (id, tenant_id, category_id, parent_item_id, item_description, item_order, depth) VALUES ('4a354d81', 'MONOGRAPH', '965ff75c', '798972ae', 'frame & coating', 2, 1);
INSERT INTO item_template (id, tenant_id, category_id, parent_item_id, item_description, item_order, depth) VALUES ('1fb635e9', 'MONOGRAPH', '965ff75c', '798972ae', 'glass', 3, 1);
INSERT INTO item_template (id, tenant_id, category_id, parent_item_id, item_description, item_order, depth) VALUES ('8638d78f', 'MONOGRAPH', '965ff75c', '798972ae', 'hinges', 4, 1);
INSERT INTO item_template (id, tenant_id, category_id, parent_item_id, item_description, item_order, depth) VALUES ('bb5eae25', 'MONOGRAPH', '965ff75c', '798972ae', 'gaskets', 5, 1);
INSERT INTO item_template (id, tenant_id, category_id, parent_item_id, item_description, item_order, depth) VALUES ('bc867a0a', 'MONOGRAPH', '965ff75c', '798972ae', 'operation', 6, 1);
INSERT INTO item_template (id, tenant_id, category_id, parent_item_id, item_description, item_order, depth) VALUES ('207492fc', 'MONOGRAPH', '965ff75c', '798972ae', 'burglar bars', 7, 1);
INSERT INTO item_template (id, tenant_id, category_id, parent_item_id, item_description, item_order, depth) VALUES ('324e1890', 'MONOGRAPH', '965ff75c', '798972ae', 'sill', 8, 1);
INSERT INTO item_template (id, tenant_id, category_id, parent_item_id, item_description, item_order, depth) VALUES ('1da94647', 'MONOGRAPH', 'b73732f0', NULL, 'FLOOR', 1, 0);
INSERT INTO item_template (id, tenant_id, category_id, parent_item_id, item_description, item_order, depth) VALUES ('54ac6a45', 'MONOGRAPH', 'b73732f0', '1da94647', 'chipped/broken/hollow tiles', 2, 1);
INSERT INTO item_template (id, tenant_id, category_id, parent_item_id, item_description, item_order, depth) VALUES ('956b6837', 'MONOGRAPH', 'b73732f0', '1da94647', 'grout dove grey', 3, 1);
INSERT INTO item_template (id, tenant_id, category_id, parent_item_id, item_description, item_order, depth) VALUES ('a39a8899', 'MONOGRAPH', 'b73732f0', '1da94647', 'tile skirting', 4, 1);
INSERT INTO item_template (id, tenant_id, category_id, parent_item_id, item_description, item_order, depth) VALUES ('68d3f5a4', 'MONOGRAPH', '2ab994af', NULL, 'CEILING', 1, 0);
INSERT INTO item_template (id, tenant_id, category_id, parent_item_id, item_description, item_order, depth) VALUES ('b41bf52d', 'MONOGRAPH', '2ab994af', '68d3f5a4', 'paint-orchid bay', 2, 1);
INSERT INTO item_template (id, tenant_id, category_id, parent_item_id, item_description, item_order, depth) VALUES ('a709718f', 'MONOGRAPH', '2ab994af', '68d3f5a4', 'paint - Glorious gold', 3, 1);
INSERT INTO item_template (id, tenant_id, category_id, parent_item_id, item_description, item_order, depth) VALUES ('9ade6ac4', 'MONOGRAPH', 'ec105224', NULL, 'ELECTRICAL', 1, 0);
INSERT INTO item_template (id, tenant_id, category_id, parent_item_id, item_description, item_order, depth) VALUES ('00ce4ba3', 'MONOGRAPH', 'ec105224', '9ade6ac4', 'ceiling mounted light x 1 bulbs', 2, 1);
INSERT INTO item_template (id, tenant_id, category_id, parent_item_id, item_description, item_order, depth) VALUES ('b1b7e7ec', 'MONOGRAPH', 'ec105224', '9ade6ac4', 'study desk light x 1 bulb', 3, 1);
INSERT INTO item_template (id, tenant_id, category_id, parent_item_id, item_description, item_order, depth) VALUES ('700c338e', 'MONOGRAPH', 'ec105224', '9ade6ac4', 'panel heater plug wall 20', 4, 1);
INSERT INTO item_template (id, tenant_id, category_id, parent_item_id, item_description, item_order, depth) VALUES ('afe6b938', 'MONOGRAPH', 'ec105224', '9ade6ac4', 'combination plug wall 19', 5, 1);
INSERT INTO item_template (id, tenant_id, category_id, parent_item_id, item_description, item_order, depth) VALUES ('5b96638f', 'MONOGRAPH', 'ec105224', '9ade6ac4', 'double light switch on wall 17', 6, 1);
INSERT INTO item_template (id, tenant_id, category_id, parent_item_id, item_description, item_order, depth) VALUES ('97dbb539', 'MONOGRAPH', '7769e1d4', NULL, 'B.I.C.', 1, 0);
INSERT INTO item_template (id, tenant_id, category_id, parent_item_id, item_description, item_order, depth) VALUES ('4e65f3e9', 'MONOGRAPH', '7769e1d4', '97dbb539', 'layout', 2, 1);
INSERT INTO item_template (id, tenant_id, category_id, parent_item_id, item_description, item_order, depth) VALUES ('c874f059', 'MONOGRAPH', '7769e1d4', '97dbb539', 'fixing to wall', 3, 1);
INSERT INTO item_template (id, tenant_id, category_id, parent_item_id, item_description, item_order, depth) VALUES ('263b99ba', 'MONOGRAPH', '7769e1d4', '97dbb539', 'carcass', 4, 1);
INSERT INTO item_template (id, tenant_id, category_id, parent_item_id, item_description, item_order, depth) VALUES ('07ad730b', 'MONOGRAPH', '7769e1d4', '97dbb539', 'finish', 5, 1);
INSERT INTO item_template (id, tenant_id, category_id, parent_item_id, item_description, item_order, depth) VALUES ('ca497a99', 'MONOGRAPH', '7769e1d4', '97dbb539', 'hinges', 6, 1);
INSERT INTO item_template (id, tenant_id, category_id, parent_item_id, item_description, item_order, depth) VALUES ('cd7d1627', 'MONOGRAPH', '7769e1d4', '97dbb539', 'handles', 7, 1);
INSERT INTO item_template (id, tenant_id, category_id, parent_item_id, item_description, item_order, depth) VALUES ('43ecd9f7', 'MONOGRAPH', '7769e1d4', NULL, 'Floating shelf', 8, 0);
INSERT INTO item_template (id, tenant_id, category_id, parent_item_id, item_description, item_order, depth) VALUES ('f653cf83', 'MONOGRAPH', '7769e1d4', '43ecd9f7', 'installation', 9, 1);
INSERT INTO item_template (id, tenant_id, category_id, parent_item_id, item_description, item_order, depth) VALUES ('135828f3', 'MONOGRAPH', '7769e1d4', '43ecd9f7', 'finish', 10, 1);
INSERT INTO item_template (id, tenant_id, category_id, parent_item_id, item_description, item_order, depth) VALUES ('46611664', 'MONOGRAPH', '7769e1d4', NULL, 'Study desk', 11, 0);
INSERT INTO item_template (id, tenant_id, category_id, parent_item_id, item_description, item_order, depth) VALUES ('d052cb8e', 'MONOGRAPH', '7769e1d4', '46611664', 'layout', 12, 1);
INSERT INTO item_template (id, tenant_id, category_id, parent_item_id, item_description, item_order, depth) VALUES ('b38587a1', 'MONOGRAPH', '7769e1d4', '46611664', 'fixing to wall', 13, 1);
INSERT INTO item_template (id, tenant_id, category_id, parent_item_id, item_description, item_order, depth) VALUES ('703b89ce', 'MONOGRAPH', '7769e1d4', '46611664', 'carcass', 14, 1);
INSERT INTO item_template (id, tenant_id, category_id, parent_item_id, item_description, item_order, depth) VALUES ('42d9ce9f', 'MONOGRAPH', '7769e1d4', '46611664', 'finish', 15, 1);
INSERT INTO item_template (id, tenant_id, category_id, parent_item_id, item_description, item_order, depth) VALUES ('b30c2d79', 'MONOGRAPH', '7769e1d4', '46611664', 'top', 16, 1);
INSERT INTO item_template (id, tenant_id, category_id, parent_item_id, item_description, item_order, depth) VALUES ('46c2267f', 'MONOGRAPH', '1c737d4a', NULL, 'single bed', 1, 1);
INSERT INTO item_template (id, tenant_id, category_id, parent_item_id, item_description, item_order, depth) VALUES ('dfcb88ce', 'MONOGRAPH', '1c737d4a', NULL, 'mattress', 2, 1);
INSERT INTO item_template (id, tenant_id, category_id, parent_item_id, item_description, item_order, depth) VALUES ('20208261', 'MONOGRAPH', '1c737d4a', NULL, 'robe hook', 3, 1);
INSERT INTO item_template (id, tenant_id, category_id, parent_item_id, item_description, item_order, depth) VALUES ('84795b32', 'MONOGRAPH', '1c737d4a', NULL, 'desk chair', 4, 1);
INSERT INTO item_template (id, tenant_id, category_id, parent_item_id, item_description, item_order, depth) VALUES ('874c7df6', 'MONOGRAPH', '1c737d4a', NULL, 'towel rail', 5, 1);
INSERT INTO item_template (id, tenant_id, category_id, parent_item_id, item_description, item_order, depth) VALUES ('063bf215', 'MONOGRAPH', '1c737d4a', NULL, 'Panel heater', 6, 0);
INSERT INTO item_template (id, tenant_id, category_id, parent_item_id, item_description, item_order, depth) VALUES ('151d2b2e', 'MONOGRAPH', '1c737d4a', '063bf215', 'installation', 7, 1);
INSERT INTO item_template (id, tenant_id, category_id, parent_item_id, item_description, item_order, depth) VALUES ('68ad5ceb', 'MONOGRAPH', '1c737d4a', '063bf215', 'operation', 8, 1);
INSERT INTO item_template (id, tenant_id, category_id, parent_item_id, item_description, item_order, depth) VALUES ('34d53e14', 'MONOGRAPH', '1c737d4a', NULL, 'Blind', 9, 0);
INSERT INTO item_template (id, tenant_id, category_id, parent_item_id, item_description, item_order, depth) VALUES ('e4104535', 'MONOGRAPH', '1c737d4a', '34d53e14', 'installation', 10, 1);
INSERT INTO item_template (id, tenant_id, category_id, parent_item_id, item_description, item_order, depth) VALUES ('5d30fb30', 'MONOGRAPH', '1c737d4a', '34d53e14', 'operation', 11, 1);
-- Added 01 Feb 2026: Missing items for exclusion tracking
INSERT INTO item_template (id, tenant_id, category_id, parent_item_id, item_description, item_order, depth) VALUES ('ff57e58c', 'MONOGRAPH', 'c8b4c5ed', NULL, 'fire blanket', 9, 1);
INSERT INTO item_template (id, tenant_id, category_id, parent_item_id, item_description, item_order, depth) VALUES ('74fef16f', 'MONOGRAPH', 'ec6d163b', '2a603234', 'control panel', 17, 1);
INSERT INTO item_template (id, tenant_id, category_id, parent_item_id, item_description, item_order, depth) VALUES ('6a8feed6', 'MONOGRAPH', '0e4d88ff', 'f82f2865', 'control panel', 14, 1);
