-- Template data for Monograph Inspections PWA
-- 3-level hierarchy: area_template -> category_template -> item_template

DELETE FROM item_template WHERE tenant_id = 'MONOGRAPH';
DELETE FROM category_template WHERE tenant_id = 'MONOGRAPH';
DELETE FROM area_template WHERE tenant_id = 'MONOGRAPH';

INSERT INTO area_template (id, tenant_id, unit_type, area_name, area_order) VALUES ('c58cb5ba-55ea-495c-954e-39de37142453', 'MONOGRAPH', 'STANDARD', 'KITCHEN', 1);
INSERT INTO area_template (id, tenant_id, unit_type, area_name, area_order) VALUES ('6643344f-6ea9-4aaa-9925-5babf776b98c', 'MONOGRAPH', 'STANDARD', 'LOUNGE', 2);
INSERT INTO area_template (id, tenant_id, unit_type, area_name, area_order) VALUES ('b209bf75-37c0-46ee-a359-fb7386aeb8bf', 'MONOGRAPH', 'STANDARD', 'BATHROOM', 3);
INSERT INTO area_template (id, tenant_id, unit_type, area_name, area_order) VALUES ('4fd419c7-ee1a-4f6e-ba25-6fca09e0b912', 'MONOGRAPH', 'STANDARD', 'BEDROOM A', 4);
INSERT INTO area_template (id, tenant_id, unit_type, area_name, area_order) VALUES ('b2b6846f-1652-4c3b-8f15-a934a4b0a97a', 'MONOGRAPH', 'STANDARD', 'BEDROOM B', 5);
INSERT INTO area_template (id, tenant_id, unit_type, area_name, area_order) VALUES ('b135368d-e845-4ad4-89e5-ed874609530b', 'MONOGRAPH', 'STANDARD', 'BEDROOM C', 6);
INSERT INTO area_template (id, tenant_id, unit_type, area_name, area_order) VALUES ('422e2bc6-b620-4ef6-8f1c-90af9a9b6398', 'MONOGRAPH', 'STANDARD', 'BEDROOM D', 7);

INSERT INTO category_template (id, tenant_id, area_id, category_name, category_order) VALUES ('5c9beb59-c219-4a84-8203-746f73dae8ad', 'MONOGRAPH', 'c58cb5ba-55ea-495c-954e-39de37142453', 'DOORS', 1);
INSERT INTO item_template (id, tenant_id, category_id, parent_item_id, item_description, item_order, depth) VALUES ('8a1c3a68-8509-44bc-bab1-9a7f08574640', 'MONOGRAPH', '5c9beb59-c219-4a84-8203-746f73dae8ad', NULL, 'D1 & D1a leaf', 1, 0);
INSERT INTO item_template (id, tenant_id, category_id, parent_item_id, item_description, item_order, depth) VALUES ('692ae73d-db6d-4b29-8338-33bf60c7a00a', 'MONOGRAPH', '5c9beb59-c219-4a84-8203-746f73dae8ad', NULL, 'finished all round', 2, 0);
INSERT INTO item_template (id, tenant_id, category_id, parent_item_id, item_description, item_order, depth) VALUES ('8330fd5e-f8cd-43b2-83be-dfeeee9bda7a', 'MONOGRAPH', '5c9beb59-c219-4a84-8203-746f73dae8ad', NULL, 'Frame', 3, 0);
INSERT INTO item_template (id, tenant_id, category_id, parent_item_id, item_description, item_order, depth) VALUES ('bd3fa02e-fe6d-4b51-9c1a-c26cf130abe5', 'MONOGRAPH', '5c9beb59-c219-4a84-8203-746f73dae8ad', NULL, 'hinges', 4, 0);
INSERT INTO item_template (id, tenant_id, category_id, parent_item_id, item_description, item_order, depth) VALUES ('add2cda8-8a97-454a-9c8d-8d2922c29dc4', 'MONOGRAPH', '5c9beb59-c219-4a84-8203-746f73dae8ad', NULL, 'finish', 5, 0);
INSERT INTO item_template (id, tenant_id, category_id, parent_item_id, item_description, item_order, depth) VALUES ('a4ce52c1-8af8-4eb5-857c-d8dc34045e7d', 'MONOGRAPH', '5c9beb59-c219-4a84-8203-746f73dae8ad', NULL, 'striker plate', 6, 0);
INSERT INTO item_template (id, tenant_id, category_id, parent_item_id, item_description, item_order, depth) VALUES ('3f11b760-0c62-4ddc-864d-dcdc4b1cc03f', 'MONOGRAPH', '5c9beb59-c219-4a84-8203-746f73dae8ad', NULL, 'Ironmongery', 7, 0);
INSERT INTO item_template (id, tenant_id, category_id, parent_item_id, item_description, item_order, depth) VALUES ('4d3f6922-3e96-4ca2-9ad5-837ab743a61b', 'MONOGRAPH', '5c9beb59-c219-4a84-8203-746f73dae8ad', NULL, 'handle', 8, 0);
INSERT INTO item_template (id, tenant_id, category_id, parent_item_id, item_description, item_order, depth) VALUES ('bf647c70-dcb4-4959-9ee2-11b1df139644', 'MONOGRAPH', '5c9beb59-c219-4a84-8203-746f73dae8ad', NULL, 'lockset - cylinder and thumb turn', 9, 0);
INSERT INTO item_template (id, tenant_id, category_id, parent_item_id, item_description, item_order, depth) VALUES ('69bc63d1-3b5c-4b32-9d8c-2a4d6594ab62', 'MONOGRAPH', '5c9beb59-c219-4a84-8203-746f73dae8ad', NULL, 'kickplate', 10, 0);
INSERT INTO item_template (id, tenant_id, category_id, parent_item_id, item_description, item_order, depth) VALUES ('fff70663-ad24-4ac0-82b1-11c201bd3c76', 'MONOGRAPH', '5c9beb59-c219-4a84-8203-746f73dae8ad', NULL, 'master key', 11, 0);
INSERT INTO item_template (id, tenant_id, category_id, parent_item_id, item_description, item_order, depth) VALUES ('acead1a8-c355-406c-8d71-900ee10af3fb', 'MONOGRAPH', '5c9beb59-c219-4a84-8203-746f73dae8ad', NULL, 'door stop', 12, 0);
INSERT INTO item_template (id, tenant_id, category_id, parent_item_id, item_description, item_order, depth) VALUES ('b31be1dd-3f8f-4a20-8bed-14e45c7244df', 'MONOGRAPH', '5c9beb59-c219-4a84-8203-746f73dae8ad', NULL, 'door closer', 13, 0);
INSERT INTO item_template (id, tenant_id, category_id, parent_item_id, item_description, item_order, depth) VALUES ('ee0d2748-ec25-4ed2-b6e2-c62c2b55702c', 'MONOGRAPH', '5c9beb59-c219-4a84-8203-746f73dae8ad', NULL, 'Plastered recess above door', 14, 0);
INSERT INTO item_template (id, tenant_id, category_id, parent_item_id, item_description, item_order, depth) VALUES ('26978355-f2d0-408f-88e8-fd50bb6a3faf', 'MONOGRAPH', '5c9beb59-c219-4a84-8203-746f73dae8ad', NULL, 'finish', 15, 0);
INSERT INTO item_template (id, tenant_id, category_id, parent_item_id, item_description, item_order, depth) VALUES ('36c96862-4d9e-4038-b026-413d43c127f1', 'MONOGRAPH', '5c9beb59-c219-4a84-8203-746f73dae8ad', NULL, 'unit signage', 16, 0);
INSERT INTO item_template (id, tenant_id, category_id, parent_item_id, item_description, item_order, depth) VALUES ('def217bb-6c23-4bd4-b75c-fac1a580bb5a', 'MONOGRAPH', '5c9beb59-c219-4a84-8203-746f73dae8ad', NULL, 'Face brick sill', 17, 0);
INSERT INTO item_template (id, tenant_id, category_id, parent_item_id, item_description, item_order, depth) VALUES ('7b327194-7d1a-4496-9ec9-dff91f846f8f', 'MONOGRAPH', '5c9beb59-c219-4a84-8203-746f73dae8ad', NULL, 'soft joint between tile and brick', 18, 0);
INSERT INTO category_template (id, tenant_id, area_id, category_name, category_order) VALUES ('13251304-a52a-4759-ae0e-9791f2899a77', 'MONOGRAPH', 'c58cb5ba-55ea-495c-954e-39de37142453', 'WALLS', 2);
INSERT INTO item_template (id, tenant_id, category_id, parent_item_id, item_description, item_order, depth) VALUES ('7a229ee2-c725-4361-91dd-77bfce5107fa', 'MONOGRAPH', '13251304-a52a-4759-ae0e-9791f2899a77', NULL, 'smooth plaster', 1, 0);
INSERT INTO item_template (id, tenant_id, category_id, parent_item_id, item_description, item_order, depth) VALUES ('87f6e517-592a-47cf-a4f6-6a65957ab960', 'MONOGRAPH', '13251304-a52a-4759-ae0e-9791f2899a77', NULL, 'paint-orchid bay', 2, 0);
INSERT INTO item_template (id, tenant_id, category_id, parent_item_id, item_description, item_order, depth) VALUES ('8ad2ea64-55cb-48b2-930b-31674822f823', 'MONOGRAPH', '13251304-a52a-4759-ae0e-9791f2899a77', NULL, 'Splash back at sink', 3, 0);
INSERT INTO item_template (id, tenant_id, category_id, parent_item_id, item_description, item_order, depth) VALUES ('8dd84635-8d4c-42a6-acdb-8908394f851c', 'MONOGRAPH', '13251304-a52a-4759-ae0e-9791f2899a77', NULL, 'tile trim at window 1a', 4, 0);
INSERT INTO item_template (id, tenant_id, category_id, parent_item_id, item_description, item_order, depth) VALUES ('6b1c6704-f7b8-4055-b1cc-d58b2abedac0', 'MONOGRAPH', '13251304-a52a-4759-ae0e-9791f2899a77', NULL, 'tile into window sill', 5, 0);
INSERT INTO item_template (id, tenant_id, category_id, parent_item_id, item_description, item_order, depth) VALUES ('3aac1931-f8c1-4f07-b695-ee222e616dea', 'MONOGRAPH', '13251304-a52a-4759-ae0e-9791f2899a77', NULL, 'splash back wrap at sink', 6, 0);
INSERT INTO item_template (id, tenant_id, category_id, parent_item_id, item_description, item_order, depth) VALUES ('8711f8b9-49d2-4bbe-b6ab-da07ed70f962', 'MONOGRAPH', '13251304-a52a-4759-ae0e-9791f2899a77', NULL, 'tile trim at sink splash back', 7, 0);
INSERT INTO item_template (id, tenant_id, category_id, parent_item_id, item_description, item_order, depth) VALUES ('8f2f78db-36c7-4f45-89ec-157aec4754e9', 'MONOGRAPH', '13251304-a52a-4759-ae0e-9791f2899a77', NULL, 'grout dove grey', 8, 0);
INSERT INTO item_template (id, tenant_id, category_id, parent_item_id, item_description, item_order, depth) VALUES ('9f17ffd1-6940-472c-b6c3-a8f2301f1862', 'MONOGRAPH', '13251304-a52a-4759-ae0e-9791f2899a77', NULL, 'chipped/broken/hollow tiles', 9, 0);
INSERT INTO item_template (id, tenant_id, category_id, parent_item_id, item_description, item_order, depth) VALUES ('e5d6370b-50b5-48cf-908e-6ce5002c9da7', 'MONOGRAPH', '13251304-a52a-4759-ae0e-9791f2899a77', NULL, 'Stove splash back', 10, 0);
INSERT INTO item_template (id, tenant_id, category_id, parent_item_id, item_description, item_order, depth) VALUES ('05785582-cde7-47fb-ba55-8d620022362f', 'MONOGRAPH', '13251304-a52a-4759-ae0e-9791f2899a77', NULL, 'tile trim at top and side', 11, 0);
INSERT INTO item_template (id, tenant_id, category_id, parent_item_id, item_description, item_order, depth) VALUES ('b63ab22e-3ea3-453d-adf5-c43b41ed4000', 'MONOGRAPH', '13251304-a52a-4759-ae0e-9791f2899a77', NULL, 'grout dove grey', 12, 0);
INSERT INTO item_template (id, tenant_id, category_id, parent_item_id, item_description, item_order, depth) VALUES ('9078c743-3831-4901-831e-3747ef736eb2', 'MONOGRAPH', '13251304-a52a-4759-ae0e-9791f2899a77', NULL, 'chipped/broken/hollow tiles', 13, 0);
INSERT INTO category_template (id, tenant_id, area_id, category_name, category_order) VALUES ('32553fca-2faf-4591-ae53-a97a90f5fab7', 'MONOGRAPH', 'c58cb5ba-55ea-495c-954e-39de37142453', 'WINDOWS', 3);
INSERT INTO item_template (id, tenant_id, category_id, parent_item_id, item_description, item_order, depth) VALUES ('b55b59fd-a09d-43f1-bad9-d14a47697717', 'MONOGRAPH', '32553fca-2faf-4591-ae53-a97a90f5fab7', NULL, 'W1', 1, 0);
INSERT INTO item_template (id, tenant_id, category_id, parent_item_id, item_description, item_order, depth) VALUES ('43ee2e51-3eb6-4461-89e6-52051db2a6bc', 'MONOGRAPH', '32553fca-2faf-4591-ae53-a97a90f5fab7', NULL, 'frame & coating', 2, 0);
INSERT INTO item_template (id, tenant_id, category_id, parent_item_id, item_description, item_order, depth) VALUES ('bf2edd09-843c-4899-8af0-a3b62ef86ec7', 'MONOGRAPH', '32553fca-2faf-4591-ae53-a97a90f5fab7', NULL, 'glass', 3, 0);
INSERT INTO item_template (id, tenant_id, category_id, parent_item_id, item_description, item_order, depth) VALUES ('54b245da-98f1-48e8-9651-2cf0cf4cdfce', 'MONOGRAPH', '32553fca-2faf-4591-ae53-a97a90f5fab7', NULL, 'hinges', 4, 0);
INSERT INTO item_template (id, tenant_id, category_id, parent_item_id, item_description, item_order, depth) VALUES ('3c831aa4-6f8a-4024-b816-32deedf3effa', 'MONOGRAPH', '32553fca-2faf-4591-ae53-a97a90f5fab7', NULL, 'gaskets', 5, 0);
INSERT INTO item_template (id, tenant_id, category_id, parent_item_id, item_description, item_order, depth) VALUES ('240483bb-7d5d-47a2-9596-d7f03b593d6d', 'MONOGRAPH', '32553fca-2faf-4591-ae53-a97a90f5fab7', NULL, 'operation', 6, 0);
INSERT INTO item_template (id, tenant_id, category_id, parent_item_id, item_description, item_order, depth) VALUES ('93ac94cb-dac7-4380-bcb1-664f2a98be9d', 'MONOGRAPH', '32553fca-2faf-4591-ae53-a97a90f5fab7', NULL, 'burglar bars', 7, 0);
INSERT INTO item_template (id, tenant_id, category_id, parent_item_id, item_description, item_order, depth) VALUES ('8c94dc29-e08b-4d36-a9d8-9c20fac49a55', 'MONOGRAPH', '32553fca-2faf-4591-ae53-a97a90f5fab7', NULL, 'sill', 8, 0);
INSERT INTO item_template (id, tenant_id, category_id, parent_item_id, item_description, item_order, depth) VALUES ('07645530-c2ea-43ad-b717-0b77ac1b924e', 'MONOGRAPH', '32553fca-2faf-4591-ae53-a97a90f5fab7', NULL, 'W1a', 9, 0);
INSERT INTO item_template (id, tenant_id, category_id, parent_item_id, item_description, item_order, depth) VALUES ('9680bd3e-4117-4d83-a87f-9ba04278790c', 'MONOGRAPH', '32553fca-2faf-4591-ae53-a97a90f5fab7', NULL, 'frame & coating', 10, 0);
INSERT INTO item_template (id, tenant_id, category_id, parent_item_id, item_description, item_order, depth) VALUES ('bab87b23-47fe-43a9-bbaf-523a7a3f32e6', 'MONOGRAPH', '32553fca-2faf-4591-ae53-a97a90f5fab7', NULL, 'glass', 11, 0);
INSERT INTO item_template (id, tenant_id, category_id, parent_item_id, item_description, item_order, depth) VALUES ('2649f17b-0f00-4210-939b-2a1fa46c7805', 'MONOGRAPH', '32553fca-2faf-4591-ae53-a97a90f5fab7', NULL, 'hinges', 12, 0);
INSERT INTO item_template (id, tenant_id, category_id, parent_item_id, item_description, item_order, depth) VALUES ('fa94ea52-bf12-4379-8bd3-e0907f77a6ce', 'MONOGRAPH', '32553fca-2faf-4591-ae53-a97a90f5fab7', NULL, 'gaskets', 13, 0);
INSERT INTO item_template (id, tenant_id, category_id, parent_item_id, item_description, item_order, depth) VALUES ('b9ad2546-0560-4c38-9ac8-9c6f5af66e27', 'MONOGRAPH', '32553fca-2faf-4591-ae53-a97a90f5fab7', NULL, 'operation', 14, 0);
INSERT INTO item_template (id, tenant_id, category_id, parent_item_id, item_description, item_order, depth) VALUES ('a8c3aa5e-b8b1-4e11-a040-1b5e8799e7e7', 'MONOGRAPH', '32553fca-2faf-4591-ae53-a97a90f5fab7', NULL, 'burglar bars', 15, 0);
INSERT INTO item_template (id, tenant_id, category_id, parent_item_id, item_description, item_order, depth) VALUES ('9a8a00e3-a10f-44c2-8056-13a637ac7c94', 'MONOGRAPH', '32553fca-2faf-4591-ae53-a97a90f5fab7', NULL, 'sill', 16, 0);
INSERT INTO item_template (id, tenant_id, category_id, parent_item_id, item_description, item_order, depth) VALUES ('3d59a788-6387-439a-8b99-fbd3d7728572', 'MONOGRAPH', '32553fca-2faf-4591-ae53-a97a90f5fab7', NULL, 'FLOOR', 17, 0);
INSERT INTO item_template (id, tenant_id, category_id, parent_item_id, item_description, item_order, depth) VALUES ('ed74cf70-743b-4f48-a67f-d2d10db296e5', 'MONOGRAPH', '32553fca-2faf-4591-ae53-a97a90f5fab7', NULL, 'Floor tile set out', 18, 0);
INSERT INTO item_template (id, tenant_id, category_id, parent_item_id, item_description, item_order, depth) VALUES ('bee5c627-73a3-4271-8380-ec571b849198', 'MONOGRAPH', '32553fca-2faf-4591-ae53-a97a90f5fab7', NULL, 'Soft joint cross', 19, 0);
INSERT INTO item_template (id, tenant_id, category_id, parent_item_id, item_description, item_order, depth) VALUES ('cd84a98b-bf16-4cf8-80e0-fb18e463eecc', 'MONOGRAPH', '32553fca-2faf-4591-ae53-a97a90f5fab7', NULL, 'chipped/broken/hollow tiles', 20, 0);
INSERT INTO item_template (id, tenant_id, category_id, parent_item_id, item_description, item_order, depth) VALUES ('cd5ca3ab-76ee-4bd3-b465-bd4580ee1cbc', 'MONOGRAPH', '32553fca-2faf-4591-ae53-a97a90f5fab7', NULL, 'grout dove grey', 21, 0);
INSERT INTO item_template (id, tenant_id, category_id, parent_item_id, item_description, item_order, depth) VALUES ('d4023322-44e4-4658-acdb-f3ab2949a7dc', 'MONOGRAPH', '32553fca-2faf-4591-ae53-a97a90f5fab7', NULL, 'tile skirting', 22, 0);
INSERT INTO item_template (id, tenant_id, category_id, parent_item_id, item_description, item_order, depth) VALUES ('7998ded1-091d-49ae-987d-21701b79de68', 'MONOGRAPH', '32553fca-2faf-4591-ae53-a97a90f5fab7', NULL, 'CEILING', 23, 0);
INSERT INTO item_template (id, tenant_id, category_id, parent_item_id, item_description, item_order, depth) VALUES ('49af06e4-6889-42df-86d0-6837567f88c5', 'MONOGRAPH', '32553fca-2faf-4591-ae53-a97a90f5fab7', NULL, 'paint-orchid bay', 24, 0);
INSERT INTO item_template (id, tenant_id, category_id, parent_item_id, item_description, item_order, depth) VALUES ('10b22d03-e134-443c-91c6-3834b473b751', 'MONOGRAPH', '32553fca-2faf-4591-ae53-a97a90f5fab7', NULL, 'plaster recess', 25, 0);
INSERT INTO item_template (id, tenant_id, category_id, parent_item_id, item_description, item_order, depth) VALUES ('1f676ca4-4b39-4b2d-85da-fc1335857d48', 'MONOGRAPH', '32553fca-2faf-4591-ae53-a97a90f5fab7', NULL, 'ELECTRICAL', 26, 0);
INSERT INTO item_template (id, tenant_id, category_id, parent_item_id, item_description, item_order, depth) VALUES ('c69fe8bb-9c78-4df3-9bb8-2ba6f607fe6a', 'MONOGRAPH', '32553fca-2faf-4591-ae53-a97a90f5fab7', NULL, 'DB', 27, 0);
INSERT INTO item_template (id, tenant_id, category_id, parent_item_id, item_description, item_order, depth) VALUES ('f6f1eafa-85ba-4d6d-a30b-48d34d9ce86e', 'MONOGRAPH', '32553fca-2faf-4591-ae53-a97a90f5fab7', NULL, 'fluorescent led x 2 bulbs', 28, 0);
INSERT INTO item_template (id, tenant_id, category_id, parent_item_id, item_description, item_order, depth) VALUES ('a78a0c87-d05b-44bd-a7f6-0fc00e5ab50a', 'MONOGRAPH', '32553fca-2faf-4591-ae53-a97a90f5fab7', NULL, 'Wi-Fi repeater', 29, 0);
INSERT INTO item_template (id, tenant_id, category_id, parent_item_id, item_description, item_order, depth) VALUES ('4ecfff26-b92e-4455-b856-f943fd6b8af4', 'MONOGRAPH', '32553fca-2faf-4591-ae53-a97a90f5fab7', NULL, 'ceiling mounted light x 2 bulbs', 30, 0);
INSERT INTO item_template (id, tenant_id, category_id, parent_item_id, item_description, item_order, depth) VALUES ('53cea78d-ee7c-4440-9ff0-f16c8c89343f', 'MONOGRAPH', '32553fca-2faf-4591-ae53-a97a90f5fab7', NULL, 'fridge double plug', 31, 0);
INSERT INTO item_template (id, tenant_id, category_id, parent_item_id, item_description, item_order, depth) VALUES ('8614db22-f1e3-4f75-9563-fde077ca3eaf', 'MONOGRAPH', '32553fca-2faf-4591-ae53-a97a90f5fab7', NULL, 'stove isolator', 32, 0);
INSERT INTO item_template (id, tenant_id, category_id, parent_item_id, item_description, item_order, depth) VALUES ('a05766cf-1343-4baf-bd89-251a9df683a6', 'MONOGRAPH', '32553fca-2faf-4591-ae53-a97a90f5fab7', NULL, 'double plug below db', 33, 0);
INSERT INTO item_template (id, tenant_id, category_id, parent_item_id, item_description, item_order, depth) VALUES ('fdac14c1-b8af-4b44-bdcf-45774d713688', 'MONOGRAPH', '32553fca-2faf-4591-ae53-a97a90f5fab7', NULL, 'double plug at W1a', 34, 0);
INSERT INTO item_template (id, tenant_id, category_id, parent_item_id, item_description, item_order, depth) VALUES ('fc4bac54-44b5-4d47-b054-2479d9fd4b18', 'MONOGRAPH', '32553fca-2faf-4591-ae53-a97a90f5fab7', NULL, 'single light switch by D1', 35, 0);
INSERT INTO item_template (id, tenant_id, category_id, parent_item_id, item_description, item_order, depth) VALUES ('d2890eaf-d619-4671-bee7-9b39f224497b', 'MONOGRAPH', '32553fca-2faf-4591-ae53-a97a90f5fab7', NULL, 'Stove', 36, 0);
INSERT INTO item_template (id, tenant_id, category_id, parent_item_id, item_description, item_order, depth) VALUES ('209512ee-3f38-4a8c-9ba6-5b4b4b17318a', 'MONOGRAPH', '32553fca-2faf-4591-ae53-a97a90f5fab7', NULL, 'installation', 37, 0);
INSERT INTO item_template (id, tenant_id, category_id, parent_item_id, item_description, item_order, depth) VALUES ('0550eddb-a8ff-4736-b1da-e914abff2382', 'MONOGRAPH', '32553fca-2faf-4591-ae53-a97a90f5fab7', NULL, 'operation', 38, 0);
INSERT INTO category_template (id, tenant_id, area_id, category_name, category_order) VALUES ('c56b7072-6ed6-46dc-8e42-2986ab3d7eff', 'MONOGRAPH', 'c58cb5ba-55ea-495c-954e-39de37142453', 'PLUMBING', 4);
INSERT INTO item_template (id, tenant_id, category_id, parent_item_id, item_description, item_order, depth) VALUES ('08a75a63-77f2-41ed-b0b4-e7ba4bba7ad7', 'MONOGRAPH', 'c56b7072-6ed6-46dc-8e42-2986ab3d7eff', NULL, 'Sink', 1, 0);
INSERT INTO item_template (id, tenant_id, category_id, parent_item_id, item_description, item_order, depth) VALUES ('a8eddac9-3f27-4d86-a9e1-e71a1bdccb50', 'MONOGRAPH', 'c56b7072-6ed6-46dc-8e42-2986ab3d7eff', NULL, 'installation', 2, 0);
INSERT INTO item_template (id, tenant_id, category_id, parent_item_id, item_description, item_order, depth) VALUES ('aa4efef1-b0ea-45e4-beff-d8c1a08cf961', 'MONOGRAPH', 'c56b7072-6ed6-46dc-8e42-2986ab3d7eff', NULL, 'operation', 3, 0);
INSERT INTO item_template (id, tenant_id, category_id, parent_item_id, item_description, item_order, depth) VALUES ('73e77b95-90da-422a-beaa-4fe5fdeda46f', 'MONOGRAPH', 'c56b7072-6ed6-46dc-8e42-2986ab3d7eff', NULL, 'plugs', 4, 0);
INSERT INTO item_template (id, tenant_id, category_id, parent_item_id, item_description, item_order, depth) VALUES ('aa22a4a2-d5a3-48a9-9def-8717e683777c', 'MONOGRAPH', 'c56b7072-6ed6-46dc-8e42-2986ab3d7eff', NULL, 'p-trap', 5, 0);
INSERT INTO item_template (id, tenant_id, category_id, parent_item_id, item_description, item_order, depth) VALUES ('d945d0e2-6ce3-495e-80bb-45bf22f28bcc', 'MONOGRAPH', 'c56b7072-6ed6-46dc-8e42-2986ab3d7eff', NULL, 'Mixer', 6, 0);
INSERT INTO item_template (id, tenant_id, category_id, parent_item_id, item_description, item_order, depth) VALUES ('25d42e13-6749-484f-bd92-6274123970ae', 'MONOGRAPH', 'c56b7072-6ed6-46dc-8e42-2986ab3d7eff', NULL, 'installation', 7, 0);
INSERT INTO item_template (id, tenant_id, category_id, parent_item_id, item_description, item_order, depth) VALUES ('b5a95f00-17ed-45ac-99c6-7a8cd1f853c9', 'MONOGRAPH', 'c56b7072-6ed6-46dc-8e42-2986ab3d7eff', NULL, 'operation', 8, 0);
INSERT INTO item_template (id, tenant_id, category_id, parent_item_id, item_description, item_order, depth) VALUES ('bcf38cfe-925a-4785-821f-81b7ca41f3eb', 'MONOGRAPH', 'c56b7072-6ed6-46dc-8e42-2986ab3d7eff', NULL, 'stability plate', 9, 0);
INSERT INTO item_template (id, tenant_id, category_id, parent_item_id, item_description, item_order, depth) VALUES ('1db320b5-b0f6-484e-9139-8fb1a49bcceb', 'MONOGRAPH', 'c56b7072-6ed6-46dc-8e42-2986ab3d7eff', NULL, 'hot water', 10, 0);
INSERT INTO item_template (id, tenant_id, category_id, parent_item_id, item_description, item_order, depth) VALUES ('a30671b0-62a1-4e7f-b417-58f794cd555a', 'MONOGRAPH', 'c56b7072-6ed6-46dc-8e42-2986ab3d7eff', NULL, 'cold water', 11, 0);
INSERT INTO category_template (id, tenant_id, area_id, category_name, category_order) VALUES ('d1ec8a66-2221-46fd-bd24-462134656be1', 'MONOGRAPH', 'c58cb5ba-55ea-495c-954e-39de37142453', 'JOINERY', 5);
INSERT INTO item_template (id, tenant_id, category_id, parent_item_id, item_description, item_order, depth) VALUES ('4f264eb2-a7f0-440b-9a36-7ab9cd7ac95e', 'MONOGRAPH', 'd1ec8a66-2221-46fd-bd24-462134656be1', NULL, 'Sink pack', 1, 0);
INSERT INTO item_template (id, tenant_id, category_id, parent_item_id, item_description, item_order, depth) VALUES ('67a3bde8-9ecb-4015-87b1-14ae4f985283', 'MONOGRAPH', 'd1ec8a66-2221-46fd-bd24-462134656be1', NULL, 'layout', 2, 0);
INSERT INTO item_template (id, tenant_id, category_id, parent_item_id, item_description, item_order, depth) VALUES ('609436b6-dc8e-43be-9740-ed0746a6b7b4', 'MONOGRAPH', 'd1ec8a66-2221-46fd-bd24-462134656be1', NULL, 'fixing to wall', 3, 0);
INSERT INTO item_template (id, tenant_id, category_id, parent_item_id, item_description, item_order, depth) VALUES ('6b1e94ed-ebd5-4ab8-a1e6-349b0c697440', 'MONOGRAPH', 'd1ec8a66-2221-46fd-bd24-462134656be1', NULL, 'carcass', 4, 0);
INSERT INTO item_template (id, tenant_id, category_id, parent_item_id, item_description, item_order, depth) VALUES ('f40e7a59-5725-45bf-aa08-ede7aa779bc1', 'MONOGRAPH', 'd1ec8a66-2221-46fd-bd24-462134656be1', NULL, 'finish', 5, 0);
INSERT INTO item_template (id, tenant_id, category_id, parent_item_id, item_description, item_order, depth) VALUES ('668273a3-99b2-47be-ada0-92462ff341ed', 'MONOGRAPH', 'd1ec8a66-2221-46fd-bd24-462134656be1', NULL, 'hinges', 6, 0);
INSERT INTO item_template (id, tenant_id, category_id, parent_item_id, item_description, item_order, depth) VALUES ('70fa1a24-5faf-42bf-9687-bb99d08deb31', 'MONOGRAPH', 'd1ec8a66-2221-46fd-bd24-462134656be1', NULL, 'handles', 7, 0);
INSERT INTO item_template (id, tenant_id, category_id, parent_item_id, item_description, item_order, depth) VALUES ('897cdf6d-e6c5-4344-b82b-4b1600f5b9bf', 'MONOGRAPH', 'd1ec8a66-2221-46fd-bd24-462134656be1', NULL, 'top', 8, 0);
INSERT INTO item_template (id, tenant_id, category_id, parent_item_id, item_description, item_order, depth) VALUES ('20f2777b-51ad-408a-aa91-76427576f005', 'MONOGRAPH', 'd1ec8a66-2221-46fd-bd24-462134656be1', NULL, 'Bin drawer', 9, 0);
INSERT INTO item_template (id, tenant_id, category_id, parent_item_id, item_description, item_order, depth) VALUES ('dc4b9d39-80b7-4aea-9738-621b3cf42b1d', 'MONOGRAPH', 'd1ec8a66-2221-46fd-bd24-462134656be1', NULL, 'layout', 10, 0);
INSERT INTO item_template (id, tenant_id, category_id, parent_item_id, item_description, item_order, depth) VALUES ('976d9748-7d80-4d45-a21a-9cfe5511305a', 'MONOGRAPH', 'd1ec8a66-2221-46fd-bd24-462134656be1', NULL, 'fixing to wall', 11, 0);
INSERT INTO item_template (id, tenant_id, category_id, parent_item_id, item_description, item_order, depth) VALUES ('00968342-009d-4f3f-9a98-eac7692d7db4', 'MONOGRAPH', 'd1ec8a66-2221-46fd-bd24-462134656be1', NULL, 'carcass', 12, 0);
INSERT INTO item_template (id, tenant_id, category_id, parent_item_id, item_description, item_order, depth) VALUES ('541d9f55-c93e-4ef3-8fa3-77146fe5d6fd', 'MONOGRAPH', 'd1ec8a66-2221-46fd-bd24-462134656be1', NULL, 'finish', 13, 0);
INSERT INTO item_template (id, tenant_id, category_id, parent_item_id, item_description, item_order, depth) VALUES ('117bf707-5be0-4ec2-a279-4b8e235c7dff', 'MONOGRAPH', 'd1ec8a66-2221-46fd-bd24-462134656be1', NULL, 'runners', 14, 0);
INSERT INTO item_template (id, tenant_id, category_id, parent_item_id, item_description, item_order, depth) VALUES ('ecc538db-965c-4259-8d02-c19b1eeda545', 'MONOGRAPH', 'd1ec8a66-2221-46fd-bd24-462134656be1', NULL, 'handle', 15, 0);
INSERT INTO item_template (id, tenant_id, category_id, parent_item_id, item_description, item_order, depth) VALUES ('4b0c8b1f-0099-458b-b512-ee7e5fb006b0', 'MONOGRAPH', 'd1ec8a66-2221-46fd-bd24-462134656be1', NULL, 'top', 16, 0);
INSERT INTO item_template (id, tenant_id, category_id, parent_item_id, item_description, item_order, depth) VALUES ('a9f2f19c-1af6-462e-b3bd-bf07a6ae6a44', 'MONOGRAPH', 'd1ec8a66-2221-46fd-bd24-462134656be1', NULL, 'Drawer pack', 17, 0);
INSERT INTO item_template (id, tenant_id, category_id, parent_item_id, item_description, item_order, depth) VALUES ('11cd8459-6c8d-4594-8b3f-9fae26329ba3', 'MONOGRAPH', 'd1ec8a66-2221-46fd-bd24-462134656be1', NULL, 'layout', 18, 0);
INSERT INTO item_template (id, tenant_id, category_id, parent_item_id, item_description, item_order, depth) VALUES ('40a6b300-37d4-434e-b4c5-899edc201f03', 'MONOGRAPH', 'd1ec8a66-2221-46fd-bd24-462134656be1', NULL, 'fixing to wall', 19, 0);
INSERT INTO item_template (id, tenant_id, category_id, parent_item_id, item_description, item_order, depth) VALUES ('7429ac29-dd0c-4da3-abcd-e8d9f35bdc7b', 'MONOGRAPH', 'd1ec8a66-2221-46fd-bd24-462134656be1', NULL, 'carcass', 20, 0);
INSERT INTO item_template (id, tenant_id, category_id, parent_item_id, item_description, item_order, depth) VALUES ('cef76604-33f8-4216-a1f6-51bc0d0de418', 'MONOGRAPH', 'd1ec8a66-2221-46fd-bd24-462134656be1', NULL, 'finish', 21, 0);
INSERT INTO item_template (id, tenant_id, category_id, parent_item_id, item_description, item_order, depth) VALUES ('9c0f14d8-150a-494c-a5fc-6a284f5d0027', 'MONOGRAPH', 'd1ec8a66-2221-46fd-bd24-462134656be1', NULL, 'runners', 22, 0);
INSERT INTO item_template (id, tenant_id, category_id, parent_item_id, item_description, item_order, depth) VALUES ('335ffc3e-9698-405f-af5e-2f347fe84f10', 'MONOGRAPH', 'd1ec8a66-2221-46fd-bd24-462134656be1', NULL, 'handles', 23, 0);
INSERT INTO item_template (id, tenant_id, category_id, parent_item_id, item_description, item_order, depth) VALUES ('21c79302-434e-4495-b449-c099a47eab69', 'MONOGRAPH', 'd1ec8a66-2221-46fd-bd24-462134656be1', NULL, 'top', 24, 0);
INSERT INTO item_template (id, tenant_id, category_id, parent_item_id, item_description, item_order, depth) VALUES ('deb2c53b-2674-44a1-88eb-e40ea4d7fca0', 'MONOGRAPH', 'd1ec8a66-2221-46fd-bd24-462134656be1', NULL, 'Lockable pack 3 & 4', 25, 0);
INSERT INTO item_template (id, tenant_id, category_id, parent_item_id, item_description, item_order, depth) VALUES ('1357404c-e37b-43d2-a916-a96ec9dc365f', 'MONOGRAPH', 'd1ec8a66-2221-46fd-bd24-462134656be1', NULL, 'layout', 26, 0);
INSERT INTO item_template (id, tenant_id, category_id, parent_item_id, item_description, item_order, depth) VALUES ('de55e5e7-25e3-4421-9e73-4f86f9add4ad', 'MONOGRAPH', 'd1ec8a66-2221-46fd-bd24-462134656be1', NULL, 'fixing to wall', 27, 0);
INSERT INTO item_template (id, tenant_id, category_id, parent_item_id, item_description, item_order, depth) VALUES ('c1ea5ed3-8227-4765-81e8-3341e16b73df', 'MONOGRAPH', 'd1ec8a66-2221-46fd-bd24-462134656be1', NULL, 'carcass', 28, 0);
INSERT INTO item_template (id, tenant_id, category_id, parent_item_id, item_description, item_order, depth) VALUES ('f5e7728d-c22f-4912-bf6b-cced039b7bc6', 'MONOGRAPH', 'd1ec8a66-2221-46fd-bd24-462134656be1', NULL, 'finish', 29, 0);
INSERT INTO item_template (id, tenant_id, category_id, parent_item_id, item_description, item_order, depth) VALUES ('c72ccd5f-e010-4e38-87b4-af030f82f11a', 'MONOGRAPH', 'd1ec8a66-2221-46fd-bd24-462134656be1', NULL, 'hinges', 30, 0);
INSERT INTO item_template (id, tenant_id, category_id, parent_item_id, item_description, item_order, depth) VALUES ('86bfff3b-ef43-49c4-9b9b-c049fb030c87', 'MONOGRAPH', 'd1ec8a66-2221-46fd-bd24-462134656be1', NULL, 'handles', 31, 0);
INSERT INTO item_template (id, tenant_id, category_id, parent_item_id, item_description, item_order, depth) VALUES ('9aa181e3-b952-4d79-b475-ff0fd29b5f87', 'MONOGRAPH', 'd1ec8a66-2221-46fd-bd24-462134656be1', NULL, 'locks', 32, 0);
INSERT INTO item_template (id, tenant_id, category_id, parent_item_id, item_description, item_order, depth) VALUES ('388e9670-f2f3-4fc1-a29b-627669d30197', 'MONOGRAPH', 'd1ec8a66-2221-46fd-bd24-462134656be1', NULL, 'top', 33, 0);
INSERT INTO item_template (id, tenant_id, category_id, parent_item_id, item_description, item_order, depth) VALUES ('17bff6ff-823e-41da-8b74-2ccead0fcc8b', 'MONOGRAPH', 'd1ec8a66-2221-46fd-bd24-462134656be1', NULL, 'Counter seating', 34, 0);
INSERT INTO item_template (id, tenant_id, category_id, parent_item_id, item_description, item_order, depth) VALUES ('a0f08a9a-c410-4498-aeea-ad214a4e0dfa', 'MONOGRAPH', 'd1ec8a66-2221-46fd-bd24-462134656be1', NULL, 'layout', 35, 0);
INSERT INTO item_template (id, tenant_id, category_id, parent_item_id, item_description, item_order, depth) VALUES ('cd3bec96-60b4-48c5-abff-905381af804a', 'MONOGRAPH', 'd1ec8a66-2221-46fd-bd24-462134656be1', NULL, 'fixing to wall', 36, 0);
INSERT INTO item_template (id, tenant_id, category_id, parent_item_id, item_description, item_order, depth) VALUES ('1b1effa2-669f-4b0d-aefb-146a587ac37a', 'MONOGRAPH', 'd1ec8a66-2221-46fd-bd24-462134656be1', NULL, 'leg support', 37, 0);
INSERT INTO item_template (id, tenant_id, category_id, parent_item_id, item_description, item_order, depth) VALUES ('5b4f0f28-0ec9-404a-aca7-94b68466aa88', 'MONOGRAPH', 'd1ec8a66-2221-46fd-bd24-462134656be1', NULL, 'top', 38, 0);
INSERT INTO item_template (id, tenant_id, category_id, parent_item_id, item_description, item_order, depth) VALUES ('0dcfb7c4-fdc9-48b5-9dcb-24ced1f6860a', 'MONOGRAPH', 'd1ec8a66-2221-46fd-bd24-462134656be1', NULL, 'Lockable pack 1 & 2', 39, 0);
INSERT INTO item_template (id, tenant_id, category_id, parent_item_id, item_description, item_order, depth) VALUES ('f4772f6c-2f4d-4f99-ade6-47fda2319abd', 'MONOGRAPH', 'd1ec8a66-2221-46fd-bd24-462134656be1', NULL, 'layout', 40, 0);
INSERT INTO item_template (id, tenant_id, category_id, parent_item_id, item_description, item_order, depth) VALUES ('da558d8f-c740-416b-811c-5e9e5b569d40', 'MONOGRAPH', 'd1ec8a66-2221-46fd-bd24-462134656be1', NULL, 'fixing to wall', 41, 0);
INSERT INTO item_template (id, tenant_id, category_id, parent_item_id, item_description, item_order, depth) VALUES ('305993bf-bf24-49ca-91e6-8785c869d236', 'MONOGRAPH', 'd1ec8a66-2221-46fd-bd24-462134656be1', NULL, 'carcass', 42, 0);
INSERT INTO item_template (id, tenant_id, category_id, parent_item_id, item_description, item_order, depth) VALUES ('c76d87fd-7390-4e8d-bfdf-fb533de0de6b', 'MONOGRAPH', 'd1ec8a66-2221-46fd-bd24-462134656be1', NULL, 'finish', 43, 0);
INSERT INTO item_template (id, tenant_id, category_id, parent_item_id, item_description, item_order, depth) VALUES ('50dd2797-7f5c-44d8-8702-7718f5fbdb37', 'MONOGRAPH', 'd1ec8a66-2221-46fd-bd24-462134656be1', NULL, 'hinges', 44, 0);
INSERT INTO item_template (id, tenant_id, category_id, parent_item_id, item_description, item_order, depth) VALUES ('edf476de-fb7b-4738-ab58-308666ff6112', 'MONOGRAPH', 'd1ec8a66-2221-46fd-bd24-462134656be1', NULL, 'handles', 45, 0);
INSERT INTO item_template (id, tenant_id, category_id, parent_item_id, item_description, item_order, depth) VALUES ('a44978c5-307e-4675-8510-0ce60f3f67ba', 'MONOGRAPH', 'd1ec8a66-2221-46fd-bd24-462134656be1', NULL, 'locks', 46, 0);
INSERT INTO item_template (id, tenant_id, category_id, parent_item_id, item_description, item_order, depth) VALUES ('1ddbedaa-029f-4346-b754-1f7c3c172031', 'MONOGRAPH', 'd1ec8a66-2221-46fd-bd24-462134656be1', NULL, 'top', 47, 0);
INSERT INTO item_template (id, tenant_id, category_id, parent_item_id, item_description, item_order, depth) VALUES ('eae10af6-d33f-4d26-a095-55fe099dd347', 'MONOGRAPH', 'd1ec8a66-2221-46fd-bd24-462134656be1', NULL, 'Broom cupboard', 48, 0);
INSERT INTO item_template (id, tenant_id, category_id, parent_item_id, item_description, item_order, depth) VALUES ('d980c659-b29c-4648-ac1a-4ed25c6c9635', 'MONOGRAPH', 'd1ec8a66-2221-46fd-bd24-462134656be1', NULL, 'layout', 49, 0);
INSERT INTO item_template (id, tenant_id, category_id, parent_item_id, item_description, item_order, depth) VALUES ('73e2cef2-831a-43d6-8b11-9cd423563e90', 'MONOGRAPH', 'd1ec8a66-2221-46fd-bd24-462134656be1', NULL, 'fixing to wall', 50, 0);
INSERT INTO item_template (id, tenant_id, category_id, parent_item_id, item_description, item_order, depth) VALUES ('de6fe6fa-fcd0-4f2d-ab04-f88bd3bb403d', 'MONOGRAPH', 'd1ec8a66-2221-46fd-bd24-462134656be1', NULL, 'carcass', 51, 0);
INSERT INTO item_template (id, tenant_id, category_id, parent_item_id, item_description, item_order, depth) VALUES ('7de58e2b-7656-4077-a7ac-8d3a83074694', 'MONOGRAPH', 'd1ec8a66-2221-46fd-bd24-462134656be1', NULL, 'finish', 52, 0);
INSERT INTO item_template (id, tenant_id, category_id, parent_item_id, item_description, item_order, depth) VALUES ('166033d8-adc6-46ee-9ff0-e31b6f63e714', 'MONOGRAPH', 'd1ec8a66-2221-46fd-bd24-462134656be1', NULL, 'hinges', 53, 0);
INSERT INTO item_template (id, tenant_id, category_id, parent_item_id, item_description, item_order, depth) VALUES ('0e38b197-de63-4f8a-b2c1-4ad467e19797', 'MONOGRAPH', 'd1ec8a66-2221-46fd-bd24-462134656be1', NULL, 'handles', 54, 0);
INSERT INTO item_template (id, tenant_id, category_id, parent_item_id, item_description, item_order, depth) VALUES ('06a0da91-d927-4bf0-b785-e283b27c01dd', 'MONOGRAPH', 'd1ec8a66-2221-46fd-bd24-462134656be1', NULL, 'Eye level pack', 55, 0);
INSERT INTO item_template (id, tenant_id, category_id, parent_item_id, item_description, item_order, depth) VALUES ('ed04c382-e695-40e9-943e-331e9c77dec9', 'MONOGRAPH', 'd1ec8a66-2221-46fd-bd24-462134656be1', NULL, 'layout', 56, 0);
INSERT INTO item_template (id, tenant_id, category_id, parent_item_id, item_description, item_order, depth) VALUES ('e7dbc627-e758-4696-822b-5ad02efeea64', 'MONOGRAPH', 'd1ec8a66-2221-46fd-bd24-462134656be1', NULL, 'fixing to wall', 57, 0);
INSERT INTO item_template (id, tenant_id, category_id, parent_item_id, item_description, item_order, depth) VALUES ('f839e660-6cd9-4e14-b9b9-21308254c526', 'MONOGRAPH', 'd1ec8a66-2221-46fd-bd24-462134656be1', NULL, 'carcass', 58, 0);
INSERT INTO item_template (id, tenant_id, category_id, parent_item_id, item_description, item_order, depth) VALUES ('d2a52a0c-8bf7-4d29-9aaa-b35513e848cf', 'MONOGRAPH', 'd1ec8a66-2221-46fd-bd24-462134656be1', NULL, 'finish', 59, 0);
INSERT INTO item_template (id, tenant_id, category_id, parent_item_id, item_description, item_order, depth) VALUES ('f3f64af1-e74e-480f-8573-290b330ab845', 'MONOGRAPH', 'd1ec8a66-2221-46fd-bd24-462134656be1', NULL, 'hinges', 60, 0);
INSERT INTO item_template (id, tenant_id, category_id, parent_item_id, item_description, item_order, depth) VALUES ('5d81e71f-ad2a-40c9-805b-364cce398a71', 'MONOGRAPH', 'd1ec8a66-2221-46fd-bd24-462134656be1', NULL, 'handles', 61, 0);
INSERT INTO item_template (id, tenant_id, category_id, parent_item_id, item_description, item_order, depth) VALUES ('b7ee52ee-d20d-47dd-bb25-57c10021f513', 'MONOGRAPH', 'd1ec8a66-2221-46fd-bd24-462134656be1', NULL, 'plug cutout for microwave', 62, 0);
INSERT INTO category_template (id, tenant_id, area_id, category_name, category_order) VALUES ('e3a25d93-03c3-4996-ae23-fe5434234172', 'MONOGRAPH', 'c58cb5ba-55ea-495c-954e-39de37142453', 'FF&E', 6);
INSERT INTO item_template (id, tenant_id, category_id, parent_item_id, item_description, item_order, depth) VALUES ('101d3048-e7c5-4e9e-a029-59e4b8ff0b8d', 'MONOGRAPH', 'e3a25d93-03c3-4996-ae23-fe5434234172', NULL, 'Fridge - handle on stove side', 1, 0);
INSERT INTO item_template (id, tenant_id, category_id, parent_item_id, item_description, item_order, depth) VALUES ('5f5593f6-3efc-4cb9-93ec-1118aa05f1a5', 'MONOGRAPH', 'e3a25d93-03c3-4996-ae23-fe5434234172', NULL, 'microwave', 2, 0);
INSERT INTO item_template (id, tenant_id, category_id, parent_item_id, item_description, item_order, depth) VALUES ('fbb3f031-11b4-4e48-bef3-d49c02c26c70', 'MONOGRAPH', 'e3a25d93-03c3-4996-ae23-fe5434234172', NULL, 'broom', 3, 0);
INSERT INTO item_template (id, tenant_id, category_id, parent_item_id, item_description, item_order, depth) VALUES ('52bea796-59b7-48d9-8d68-fcb18c7d9319', 'MONOGRAPH', 'e3a25d93-03c3-4996-ae23-fe5434234172', NULL, 'mop + bucket', 4, 0);
INSERT INTO item_template (id, tenant_id, category_id, parent_item_id, item_description, item_order, depth) VALUES ('aeb6d2e6-158d-446e-81cc-77f7f2577a3b', 'MONOGRAPH', 'e3a25d93-03c3-4996-ae23-fe5434234172', NULL, 'dust pan', 5, 0);
INSERT INTO item_template (id, tenant_id, category_id, parent_item_id, item_description, item_order, depth) VALUES ('1b8da87e-591f-4d08-a658-5693d4bb3762', 'MONOGRAPH', 'e3a25d93-03c3-4996-ae23-fe5434234172', NULL, 'towel rail at sink', 6, 0);
INSERT INTO item_template (id, tenant_id, category_id, parent_item_id, item_description, item_order, depth) VALUES ('a18e77e8-68da-4fa2-ba5c-712b090b6204', 'MONOGRAPH', 'e3a25d93-03c3-4996-ae23-fe5434234172', NULL, 'flip top bin', 7, 0);
INSERT INTO item_template (id, tenant_id, category_id, parent_item_id, item_description, item_order, depth) VALUES ('a8078d3b-9e12-45cb-9bf7-72b3372c81e0', 'MONOGRAPH', 'e3a25d93-03c3-4996-ae23-fe5434234172', NULL, '2 x bronx kitchen stools', 8, 0);
INSERT INTO category_template (id, tenant_id, area_id, category_name, category_order) VALUES ('607ee6c4-2158-4e7f-99aa-9b438f68e277', 'MONOGRAPH', '6643344f-6ea9-4aaa-9925-5babf776b98c', 'DOORS', 1);
INSERT INTO item_template (id, tenant_id, category_id, parent_item_id, item_description, item_order, depth) VALUES ('addba022-e7b8-4318-8939-af164edc4aa5', 'MONOGRAPH', '607ee6c4-2158-4e7f-99aa-9b438f68e277', NULL, 'WALLS', 1, 0);
INSERT INTO item_template (id, tenant_id, category_id, parent_item_id, item_description, item_order, depth) VALUES ('7d1c5c4c-34e7-48ea-a75c-ce432c8ca322', 'MONOGRAPH', '607ee6c4-2158-4e7f-99aa-9b438f68e277', NULL, 'smooth plaster', 2, 0);
INSERT INTO item_template (id, tenant_id, category_id, parent_item_id, item_description, item_order, depth) VALUES ('cabec66f-fd07-42ac-bfe1-4dafa1691186', 'MONOGRAPH', '607ee6c4-2158-4e7f-99aa-9b438f68e277', NULL, 'paint-orchid bay', 3, 0);
INSERT INTO category_template (id, tenant_id, area_id, category_name, category_order) VALUES ('c24994af-4d9f-4765-9c3b-3ad3d41692a3', 'MONOGRAPH', '6643344f-6ea9-4aaa-9925-5babf776b98c', 'WINDOWS', 2);
INSERT INTO item_template (id, tenant_id, category_id, parent_item_id, item_description, item_order, depth) VALUES ('3d434d19-21dd-4b9d-9a94-ddbdae19d766', 'MONOGRAPH', 'c24994af-4d9f-4765-9c3b-3ad3d41692a3', NULL, 'FLOOR', 1, 0);
INSERT INTO item_template (id, tenant_id, category_id, parent_item_id, item_description, item_order, depth) VALUES ('b68294ce-532d-4db3-983d-f8509becddeb', 'MONOGRAPH', 'c24994af-4d9f-4765-9c3b-3ad3d41692a3', NULL, 'chipped/broken/hollow tiles', 2, 0);
INSERT INTO item_template (id, tenant_id, category_id, parent_item_id, item_description, item_order, depth) VALUES ('da3cca41-36e7-415f-b150-8dbd05dbcc3b', 'MONOGRAPH', 'c24994af-4d9f-4765-9c3b-3ad3d41692a3', NULL, 'grout dove grey', 3, 0);
INSERT INTO item_template (id, tenant_id, category_id, parent_item_id, item_description, item_order, depth) VALUES ('70cf8c47-2fb8-48eb-8b95-08aa43634c49', 'MONOGRAPH', 'c24994af-4d9f-4765-9c3b-3ad3d41692a3', NULL, 'tile skirting', 4, 0);
INSERT INTO item_template (id, tenant_id, category_id, parent_item_id, item_description, item_order, depth) VALUES ('960f198a-b95d-43fe-9bd0-3730b5a4af61', 'MONOGRAPH', 'c24994af-4d9f-4765-9c3b-3ad3d41692a3', NULL, 'CEILING', 5, 0);
INSERT INTO item_template (id, tenant_id, category_id, parent_item_id, item_description, item_order, depth) VALUES ('dd7c6cd2-c7a5-40f3-9215-0bc406ef8e50', 'MONOGRAPH', 'c24994af-4d9f-4765-9c3b-3ad3d41692a3', NULL, 'paint-orchid bay', 6, 0);
INSERT INTO item_template (id, tenant_id, category_id, parent_item_id, item_description, item_order, depth) VALUES ('72e94906-7f64-45a2-974d-098a6aeccf3c', 'MONOGRAPH', 'c24994af-4d9f-4765-9c3b-3ad3d41692a3', NULL, 'plaster recess', 7, 0);
INSERT INTO item_template (id, tenant_id, category_id, parent_item_id, item_description, item_order, depth) VALUES ('91f0786c-ed01-4807-920f-63a2c4330370', 'MONOGRAPH', 'c24994af-4d9f-4765-9c3b-3ad3d41692a3', NULL, 'ELECTRICAL', 8, 0);
INSERT INTO item_template (id, tenant_id, category_id, parent_item_id, item_description, item_order, depth) VALUES ('a9450da5-3bad-43a0-8af8-3dfd92ad8399', 'MONOGRAPH', 'c24994af-4d9f-4765-9c3b-3ad3d41692a3', NULL, 'ceiling mounted light x 2 bulbs', 9, 0);
INSERT INTO item_template (id, tenant_id, category_id, parent_item_id, item_description, item_order, depth) VALUES ('e2e33e28-f505-4975-8e54-1e622fc9bcdf', 'MONOGRAPH', 'c24994af-4d9f-4765-9c3b-3ad3d41692a3', NULL, 'double plug on 09 wall', 10, 0);
INSERT INTO item_template (id, tenant_id, category_id, parent_item_id, item_description, item_order, depth) VALUES ('261925ad-ddf2-4346-b210-8e279b90cf57', 'MONOGRAPH', 'c24994af-4d9f-4765-9c3b-3ad3d41692a3', NULL, 'single light switch on 10 wall', 11, 0);
INSERT INTO item_template (id, tenant_id, category_id, parent_item_id, item_description, item_order, depth) VALUES ('eabc1fde-d084-4308-89a7-d4eca5f82fb9', 'MONOGRAPH', 'c24994af-4d9f-4765-9c3b-3ad3d41692a3', NULL, 'single light switch on 11 wall', 12, 0);
INSERT INTO category_template (id, tenant_id, area_id, category_name, category_order) VALUES ('a354b600-1b23-4bad-968f-eef74289c71b', 'MONOGRAPH', '6643344f-6ea9-4aaa-9925-5babf776b98c', 'PLUMBING', 3);
INSERT INTO category_template (id, tenant_id, area_id, category_name, category_order) VALUES ('76fb4c5c-f96c-4eeb-b6e5-979ef0476631', 'MONOGRAPH', '6643344f-6ea9-4aaa-9925-5babf776b98c', 'JOINERY', 4);
INSERT INTO category_template (id, tenant_id, area_id, category_name, category_order) VALUES ('312743ec-8908-438a-8f4c-9abf730d8eef', 'MONOGRAPH', '6643344f-6ea9-4aaa-9925-5babf776b98c', 'FF&E', 5);
INSERT INTO category_template (id, tenant_id, area_id, category_name, category_order) VALUES ('2dce0c4e-47bb-48b3-802f-e8c720925037', 'MONOGRAPH', 'b209bf75-37c0-46ee-a359-fb7386aeb8bf', 'BATHROOM', 1);
INSERT INTO category_template (id, tenant_id, area_id, category_name, category_order) VALUES ('c80ceed4-8b44-4b93-987c-4d791473aca6', 'MONOGRAPH', 'b209bf75-37c0-46ee-a359-fb7386aeb8bf', 'DOORS', 2);
INSERT INTO item_template (id, tenant_id, category_id, parent_item_id, item_description, item_order, depth) VALUES ('28ea342b-364a-44d9-887e-28fa742b1812', 'MONOGRAPH', 'c80ceed4-8b44-4b93-987c-4d791473aca6', NULL, 'D2a', 1, 0);
INSERT INTO item_template (id, tenant_id, category_id, parent_item_id, item_description, item_order, depth) VALUES ('ac94f47b-d791-4d5d-8e3b-d28c96748882', 'MONOGRAPH', 'c80ceed4-8b44-4b93-987c-4d791473aca6', NULL, 'finished all round', 2, 0);
INSERT INTO item_template (id, tenant_id, category_id, parent_item_id, item_description, item_order, depth) VALUES ('be94b538-b089-48dc-b879-3d20a0341f75', 'MONOGRAPH', 'c80ceed4-8b44-4b93-987c-4d791473aca6', NULL, 'Frame', 3, 0);
INSERT INTO item_template (id, tenant_id, category_id, parent_item_id, item_description, item_order, depth) VALUES ('f8d16008-59fd-4e27-9435-ceee91d585ec', 'MONOGRAPH', 'c80ceed4-8b44-4b93-987c-4d791473aca6', NULL, 'hinges', 4, 0);
INSERT INTO item_template (id, tenant_id, category_id, parent_item_id, item_description, item_order, depth) VALUES ('be354f83-2b80-405f-8b30-5a6807ab463a', 'MONOGRAPH', 'c80ceed4-8b44-4b93-987c-4d791473aca6', NULL, 'finish', 5, 0);
INSERT INTO item_template (id, tenant_id, category_id, parent_item_id, item_description, item_order, depth) VALUES ('1e69a3a4-d574-4b68-92ac-193371d4eca7', 'MONOGRAPH', 'c80ceed4-8b44-4b93-987c-4d791473aca6', NULL, 'Ironmongery', 6, 0);
INSERT INTO item_template (id, tenant_id, category_id, parent_item_id, item_description, item_order, depth) VALUES ('7cf61bec-644a-4d95-ab86-ca0b22d12b64', 'MONOGRAPH', 'c80ceed4-8b44-4b93-987c-4d791473aca6', NULL, 'B2B SS pull handle', 7, 0);
INSERT INTO item_template (id, tenant_id, category_id, parent_item_id, item_description, item_order, depth) VALUES ('8d93556f-cff3-416f-8bda-c5ef8e5cc487', 'MONOGRAPH', 'c80ceed4-8b44-4b93-987c-4d791473aca6', NULL, 'Bathroom lock', 8, 0);
INSERT INTO item_template (id, tenant_id, category_id, parent_item_id, item_description, item_order, depth) VALUES ('586a00b9-26e1-4056-ab7e-3aeaf0f94189', 'MONOGRAPH', 'c80ceed4-8b44-4b93-987c-4d791473aca6', NULL, 'WC indicator bolt and thumb turn', 9, 0);
INSERT INTO item_template (id, tenant_id, category_id, parent_item_id, item_description, item_order, depth) VALUES ('ae468736-b98a-493e-a865-864957c01476', 'MONOGRAPH', 'c80ceed4-8b44-4b93-987c-4d791473aca6', NULL, 'door stop', 10, 0);
INSERT INTO item_template (id, tenant_id, category_id, parent_item_id, item_description, item_order, depth) VALUES ('5ad35ab0-4857-4edd-8368-c333f3064f78', 'MONOGRAPH', 'c80ceed4-8b44-4b93-987c-4d791473aca6', NULL, 'Airbrick above door', 11, 0);
INSERT INTO item_template (id, tenant_id, category_id, parent_item_id, item_description, item_order, depth) VALUES ('89f5e9a5-e5ed-4b35-a5f9-93db70be78d9', 'MONOGRAPH', 'c80ceed4-8b44-4b93-987c-4d791473aca6', NULL, 'finish', 12, 0);
INSERT INTO item_template (id, tenant_id, category_id, parent_item_id, item_description, item_order, depth) VALUES ('6b0c6315-8137-4409-ab2c-401fad719488', 'MONOGRAPH', 'c80ceed4-8b44-4b93-987c-4d791473aca6', NULL, 'D3', 13, 0);
INSERT INTO item_template (id, tenant_id, category_id, parent_item_id, item_description, item_order, depth) VALUES ('7b8415d1-e4cc-4164-9e9a-3a70b24ef105', 'MONOGRAPH', 'c80ceed4-8b44-4b93-987c-4d791473aca6', NULL, 'installation', 14, 0);
INSERT INTO item_template (id, tenant_id, category_id, parent_item_id, item_description, item_order, depth) VALUES ('ad3631dd-b10a-42a7-b863-31ef116bc1f7', 'MONOGRAPH', 'c80ceed4-8b44-4b93-987c-4d791473aca6', NULL, 'operation', 15, 0);
INSERT INTO item_template (id, tenant_id, category_id, parent_item_id, item_description, item_order, depth) VALUES ('eb708b6f-1dc4-46a9-8799-e4740d0cce9f', 'MONOGRAPH', 'c80ceed4-8b44-4b93-987c-4d791473aca6', NULL, 'frame & coating', 16, 0);
INSERT INTO category_template (id, tenant_id, area_id, category_name, category_order) VALUES ('4c42ade9-c689-4c54-a659-6d3f302ee695', 'MONOGRAPH', 'b209bf75-37c0-46ee-a359-fb7386aeb8bf', 'WALLS', 3);
INSERT INTO item_template (id, tenant_id, category_id, parent_item_id, item_description, item_order, depth) VALUES ('a755031e-9ede-4a53-a600-8c719d343714', 'MONOGRAPH', '4c42ade9-c689-4c54-a659-6d3f302ee695', NULL, 'Full height tiling all round', 1, 0);
INSERT INTO item_template (id, tenant_id, category_id, parent_item_id, item_description, item_order, depth) VALUES ('0f1db1f2-e10e-4185-9247-7a4b29fca8bb', 'MONOGRAPH', '4c42ade9-c689-4c54-a659-6d3f302ee695', NULL, 'tile trim on shower step', 2, 0);
INSERT INTO item_template (id, tenant_id, category_id, parent_item_id, item_description, item_order, depth) VALUES ('21347339-612f-469a-b350-1209fa463893', 'MONOGRAPH', '4c42ade9-c689-4c54-a659-6d3f302ee695', NULL, 'tile trim on duct wall corner', 3, 0);
INSERT INTO item_template (id, tenant_id, category_id, parent_item_id, item_description, item_order, depth) VALUES ('bf35559d-f473-4a92-95ed-a525025b3e74', 'MONOGRAPH', '4c42ade9-c689-4c54-a659-6d3f302ee695', NULL, 'tile trim on WC pipe cover', 4, 0);
INSERT INTO item_template (id, tenant_id, category_id, parent_item_id, item_description, item_order, depth) VALUES ('fdcc6dc8-c24d-4c73-a316-142d1a86960d', 'MONOGRAPH', '4c42ade9-c689-4c54-a659-6d3f302ee695', NULL, 'tile into window sill', 5, 0);
INSERT INTO item_template (id, tenant_id, category_id, parent_item_id, item_description, item_order, depth) VALUES ('7db5a2a8-759f-4a4b-b3ba-bfa430eb5578', 'MONOGRAPH', '4c42ade9-c689-4c54-a659-6d3f302ee695', NULL, 'tile trim on window reveal', 6, 0);
INSERT INTO item_template (id, tenant_id, category_id, parent_item_id, item_description, item_order, depth) VALUES ('6aec66ea-9753-4552-a475-8502653fc9d9', 'MONOGRAPH', '4c42ade9-c689-4c54-a659-6d3f302ee695', NULL, 'grout dove grey', 7, 0);
INSERT INTO item_template (id, tenant_id, category_id, parent_item_id, item_description, item_order, depth) VALUES ('28ed815b-559d-4357-bcb0-a9d20efe02c6', 'MONOGRAPH', '4c42ade9-c689-4c54-a659-6d3f302ee695', NULL, 'chipped/broken/hollow tiles', 8, 0);
INSERT INTO item_template (id, tenant_id, category_id, parent_item_id, item_description, item_order, depth) VALUES ('2d2df624-1b36-41dc-8d44-d01c3c269915', 'MONOGRAPH', '4c42ade9-c689-4c54-a659-6d3f302ee695', NULL, 'shadow line recess at ceiling', 9, 0);
INSERT INTO item_template (id, tenant_id, category_id, parent_item_id, item_description, item_order, depth) VALUES ('3ac8c4d6-e54f-4ab3-a69c-f33a9eee48ba', 'MONOGRAPH', '4c42ade9-c689-4c54-a659-6d3f302ee695', NULL, 'Airbrick in shower', 10, 0);
INSERT INTO item_template (id, tenant_id, category_id, parent_item_id, item_description, item_order, depth) VALUES ('da05fa72-b815-4d9b-8dd6-05ce3b4c0fbb', 'MONOGRAPH', '4c42ade9-c689-4c54-a659-6d3f302ee695', NULL, 'finish', 11, 0);
INSERT INTO category_template (id, tenant_id, area_id, category_name, category_order) VALUES ('1e70dd38-5664-4a9b-a64e-847782fcb012', 'MONOGRAPH', 'b209bf75-37c0-46ee-a359-fb7386aeb8bf', 'WINDOWS', 4);
INSERT INTO item_template (id, tenant_id, category_id, parent_item_id, item_description, item_order, depth) VALUES ('00518d55-5143-45db-a44f-566cc0513f33', 'MONOGRAPH', '1e70dd38-5664-4a9b-a64e-847782fcb012', NULL, 'W2', 1, 0);
INSERT INTO item_template (id, tenant_id, category_id, parent_item_id, item_description, item_order, depth) VALUES ('becb6e29-f257-44bb-b687-8242000fa9bf', 'MONOGRAPH', '1e70dd38-5664-4a9b-a64e-847782fcb012', NULL, 'frame & coating', 2, 0);
INSERT INTO item_template (id, tenant_id, category_id, parent_item_id, item_description, item_order, depth) VALUES ('19a722c7-b5ee-4abb-ac42-83a61453b4c9', 'MONOGRAPH', '1e70dd38-5664-4a9b-a64e-847782fcb012', NULL, 'glass - frosted on fixed panel', 3, 0);
INSERT INTO item_template (id, tenant_id, category_id, parent_item_id, item_description, item_order, depth) VALUES ('731b4887-128b-4263-9047-74df4bbc897d', 'MONOGRAPH', '1e70dd38-5664-4a9b-a64e-847782fcb012', NULL, 'hinges', 4, 0);
INSERT INTO item_template (id, tenant_id, category_id, parent_item_id, item_description, item_order, depth) VALUES ('027e834e-0dc7-492b-8e72-a5eb61db07e7', 'MONOGRAPH', '1e70dd38-5664-4a9b-a64e-847782fcb012', NULL, 'gaskets', 5, 0);
INSERT INTO item_template (id, tenant_id, category_id, parent_item_id, item_description, item_order, depth) VALUES ('d4918ca3-ad3d-4354-aea1-a19ed5f5a7d9', 'MONOGRAPH', '1e70dd38-5664-4a9b-a64e-847782fcb012', NULL, 'operation', 6, 0);
INSERT INTO item_template (id, tenant_id, category_id, parent_item_id, item_description, item_order, depth) VALUES ('3cbce3ab-4280-46d4-8087-f00e1e51645c', 'MONOGRAPH', '1e70dd38-5664-4a9b-a64e-847782fcb012', NULL, 'burglar bars', 7, 0);
INSERT INTO item_template (id, tenant_id, category_id, parent_item_id, item_description, item_order, depth) VALUES ('7990e08e-3e68-43a1-87ba-8e50196a4401', 'MONOGRAPH', '1e70dd38-5664-4a9b-a64e-847782fcb012', NULL, 'sill', 8, 0);
INSERT INTO item_template (id, tenant_id, category_id, parent_item_id, item_description, item_order, depth) VALUES ('bc43ca34-5209-4672-9649-1dd9028f21e0', 'MONOGRAPH', '1e70dd38-5664-4a9b-a64e-847782fcb012', NULL, 'FLOOR', 9, 0);
INSERT INTO item_template (id, tenant_id, category_id, parent_item_id, item_description, item_order, depth) VALUES ('c0ac6577-4fc6-4c3f-8672-244084f4635d', 'MONOGRAPH', '1e70dd38-5664-4a9b-a64e-847782fcb012', NULL, 'chipped/broken/hollow tiles', 10, 0);
INSERT INTO item_template (id, tenant_id, category_id, parent_item_id, item_description, item_order, depth) VALUES ('2fb86da7-5a00-42ee-91f1-f6f48890078c', 'MONOGRAPH', '1e70dd38-5664-4a9b-a64e-847782fcb012', NULL, 'grout dove grey', 11, 0);
INSERT INTO item_template (id, tenant_id, category_id, parent_item_id, item_description, item_order, depth) VALUES ('12ef5593-16b6-4719-8d5b-7a75b2fff1da', 'MONOGRAPH', '1e70dd38-5664-4a9b-a64e-847782fcb012', NULL, 'mosaic tiles in shower', 12, 0);
INSERT INTO item_template (id, tenant_id, category_id, parent_item_id, item_description, item_order, depth) VALUES ('7704e7df-b235-4377-9065-8d0f97a28f62', 'MONOGRAPH', '1e70dd38-5664-4a9b-a64e-847782fcb012', NULL, 'dark grey grout in shower', 13, 0);
INSERT INTO item_template (id, tenant_id, category_id, parent_item_id, item_description, item_order, depth) VALUES ('7c898ee3-97a8-47ee-9fce-f2c3d93ea954', 'MONOGRAPH', '1e70dd38-5664-4a9b-a64e-847782fcb012', NULL, 'chipped/broken/hollow tiles', 14, 0);
INSERT INTO item_template (id, tenant_id, category_id, parent_item_id, item_description, item_order, depth) VALUES ('5000cba0-c7e8-49ef-b414-58ffc5cfe8bc', 'MONOGRAPH', '1e70dd38-5664-4a9b-a64e-847782fcb012', NULL, 'fall to trap', 15, 0);
INSERT INTO item_template (id, tenant_id, category_id, parent_item_id, item_description, item_order, depth) VALUES ('9bc87224-116c-49f6-9a83-74bf365ddec3', 'MONOGRAPH', '1e70dd38-5664-4a9b-a64e-847782fcb012', NULL, 'CEILING', 16, 0);
INSERT INTO item_template (id, tenant_id, category_id, parent_item_id, item_description, item_order, depth) VALUES ('c694e2aa-6a80-4f3d-b16c-d0f346888c96', 'MONOGRAPH', '1e70dd38-5664-4a9b-a64e-847782fcb012', NULL, 'paint-white enamel', 17, 0);
INSERT INTO item_template (id, tenant_id, category_id, parent_item_id, item_description, item_order, depth) VALUES ('043fdf39-6b8a-4007-861f-592d9172af4f', 'MONOGRAPH', '1e70dd38-5664-4a9b-a64e-847782fcb012', NULL, 'plaster recess', 18, 0);
INSERT INTO item_template (id, tenant_id, category_id, parent_item_id, item_description, item_order, depth) VALUES ('c7ca52ea-576d-4784-892d-4e37dfed1a99', 'MONOGRAPH', '1e70dd38-5664-4a9b-a64e-847782fcb012', NULL, 'ELECTRICAL', 19, 0);
INSERT INTO item_template (id, tenant_id, category_id, parent_item_id, item_description, item_order, depth) VALUES ('17c98b71-9be0-4c4f-b1e1-46ba7529b81e', 'MONOGRAPH', '1e70dd38-5664-4a9b-a64e-847782fcb012', NULL, 'ceiling mounted light x 2 bulbs', 20, 0);
INSERT INTO category_template (id, tenant_id, area_id, category_name, category_order) VALUES ('06f027c6-7165-4be8-a955-c5f6f63c1adf', 'MONOGRAPH', 'b209bf75-37c0-46ee-a359-fb7386aeb8bf', 'PLUMBING', 5);
INSERT INTO item_template (id, tenant_id, category_id, parent_item_id, item_description, item_order, depth) VALUES ('d90d05a6-47c8-4180-80ae-7843a3061fb8', 'MONOGRAPH', '06f027c6-7165-4be8-a955-c5f6f63c1adf', NULL, 'WHB', 1, 0);
INSERT INTO item_template (id, tenant_id, category_id, parent_item_id, item_description, item_order, depth) VALUES ('4f8b3729-30c8-40e1-8152-87b863422f1c', 'MONOGRAPH', '06f027c6-7165-4be8-a955-c5f6f63c1adf', NULL, 'installation', 2, 0);
INSERT INTO item_template (id, tenant_id, category_id, parent_item_id, item_description, item_order, depth) VALUES ('55883f40-de11-4891-9bdd-adde1dd2685d', 'MONOGRAPH', '06f027c6-7165-4be8-a955-c5f6f63c1adf', NULL, 'operation', 3, 0);
INSERT INTO item_template (id, tenant_id, category_id, parent_item_id, item_description, item_order, depth) VALUES ('116e5a90-07d7-4b29-bae8-717ae7f5ed33', 'MONOGRAPH', '06f027c6-7165-4be8-a955-c5f6f63c1adf', NULL, 'plug', 4, 0);
INSERT INTO item_template (id, tenant_id, category_id, parent_item_id, item_description, item_order, depth) VALUES ('41364ada-7ecb-47c4-876d-9190ffc0654b', 'MONOGRAPH', '06f027c6-7165-4be8-a955-c5f6f63c1adf', NULL, 'p-trap', 5, 0);
INSERT INTO item_template (id, tenant_id, category_id, parent_item_id, item_description, item_order, depth) VALUES ('445bb4a9-e197-46e4-aa3f-908c39e8051a', 'MONOGRAPH', '06f027c6-7165-4be8-a955-c5f6f63c1adf', NULL, 'Mixer', 6, 0);
INSERT INTO item_template (id, tenant_id, category_id, parent_item_id, item_description, item_order, depth) VALUES ('7d9bcd28-aede-4598-a379-11fa2e034440', 'MONOGRAPH', '06f027c6-7165-4be8-a955-c5f6f63c1adf', NULL, 'installation', 7, 0);
INSERT INTO item_template (id, tenant_id, category_id, parent_item_id, item_description, item_order, depth) VALUES ('5f940c40-8a09-4531-9770-d8508ef3e18f', 'MONOGRAPH', '06f027c6-7165-4be8-a955-c5f6f63c1adf', NULL, 'operation', 8, 0);
INSERT INTO item_template (id, tenant_id, category_id, parent_item_id, item_description, item_order, depth) VALUES ('9ae5f2f3-504c-413e-aafc-837efc7a44bf', 'MONOGRAPH', '06f027c6-7165-4be8-a955-c5f6f63c1adf', NULL, 'hot water', 9, 0);
INSERT INTO item_template (id, tenant_id, category_id, parent_item_id, item_description, item_order, depth) VALUES ('cb69f76c-628c-41e4-8eca-67801b82af8b', 'MONOGRAPH', '06f027c6-7165-4be8-a955-c5f6f63c1adf', NULL, 'cold water', 10, 0);
INSERT INTO item_template (id, tenant_id, category_id, parent_item_id, item_description, item_order, depth) VALUES ('358f86e9-9cc1-4f9e-82a8-2f079e60eda4', 'MONOGRAPH', '06f027c6-7165-4be8-a955-c5f6f63c1adf', NULL, 'WC', 11, 0);
INSERT INTO item_template (id, tenant_id, category_id, parent_item_id, item_description, item_order, depth) VALUES ('aafee74a-6f99-488b-9a51-54a4fc4fae3c', 'MONOGRAPH', '06f027c6-7165-4be8-a955-c5f6f63c1adf', NULL, 'installation', 12, 0);
INSERT INTO item_template (id, tenant_id, category_id, parent_item_id, item_description, item_order, depth) VALUES ('ffebec01-f6b5-49c1-bc95-a69431f0b0b7', 'MONOGRAPH', '06f027c6-7165-4be8-a955-c5f6f63c1adf', NULL, 'operation', 13, 0);
INSERT INTO item_template (id, tenant_id, category_id, parent_item_id, item_description, item_order, depth) VALUES ('00c8405b-6ef2-4b73-a33a-a8d43b3b9a91', 'MONOGRAPH', '06f027c6-7165-4be8-a955-c5f6f63c1adf', NULL, 'shut off valve', 14, 0);
INSERT INTO item_template (id, tenant_id, category_id, parent_item_id, item_description, item_order, depth) VALUES ('f7db26c4-e996-49cf-8a6c-41e06059baee', 'MONOGRAPH', '06f027c6-7165-4be8-a955-c5f6f63c1adf', NULL, 'seat', 15, 0);
INSERT INTO item_template (id, tenant_id, category_id, parent_item_id, item_description, item_order, depth) VALUES ('43cdb310-c1c9-44ae-a442-ffa471af296e', 'MONOGRAPH', '06f027c6-7165-4be8-a955-c5f6f63c1adf', NULL, 'SHR', 16, 0);
INSERT INTO item_template (id, tenant_id, category_id, parent_item_id, item_description, item_order, depth) VALUES ('ca76a611-cd9a-435f-a46b-0af055e6a042', 'MONOGRAPH', '06f027c6-7165-4be8-a955-c5f6f63c1adf', NULL, 'Mixer', 17, 0);
INSERT INTO item_template (id, tenant_id, category_id, parent_item_id, item_description, item_order, depth) VALUES ('06a3dc9e-8d62-44ba-ba7f-8c7cd57832bf', 'MONOGRAPH', '06f027c6-7165-4be8-a955-c5f6f63c1adf', NULL, 'installation', 18, 0);
INSERT INTO item_template (id, tenant_id, category_id, parent_item_id, item_description, item_order, depth) VALUES ('09c473b2-a217-4518-a665-d4729396826d', 'MONOGRAPH', '06f027c6-7165-4be8-a955-c5f6f63c1adf', NULL, 'operation', 19, 0);
INSERT INTO item_template (id, tenant_id, category_id, parent_item_id, item_description, item_order, depth) VALUES ('9b9b0fa1-c79d-4bba-a51e-c5b874cac6fa', 'MONOGRAPH', '06f027c6-7165-4be8-a955-c5f6f63c1adf', NULL, 'hot water', 20, 0);
INSERT INTO item_template (id, tenant_id, category_id, parent_item_id, item_description, item_order, depth) VALUES ('2f9195a9-a092-4d1b-b51c-f93bb828cf57', 'MONOGRAPH', '06f027c6-7165-4be8-a955-c5f6f63c1adf', NULL, 'cold water', 21, 0);
INSERT INTO item_template (id, tenant_id, category_id, parent_item_id, item_description, item_order, depth) VALUES ('5e1ac7bf-f93c-4114-9a3d-4479c146ad28', 'MONOGRAPH', '06f027c6-7165-4be8-a955-c5f6f63c1adf', NULL, 'Rose', 22, 0);
INSERT INTO item_template (id, tenant_id, category_id, parent_item_id, item_description, item_order, depth) VALUES ('9fb6a6da-3af1-4455-8f18-082181ea2c34', 'MONOGRAPH', '06f027c6-7165-4be8-a955-c5f6f63c1adf', NULL, 'installation', 23, 0);
INSERT INTO item_template (id, tenant_id, category_id, parent_item_id, item_description, item_order, depth) VALUES ('9681c2fb-de0b-4c97-b75e-a6c6d9e89464', 'MONOGRAPH', '06f027c6-7165-4be8-a955-c5f6f63c1adf', NULL, 'operation', 24, 0);
INSERT INTO item_template (id, tenant_id, category_id, parent_item_id, item_description, item_order, depth) VALUES ('dbbe5e57-87e2-4cf5-8c76-4b70dd2919cb', 'MONOGRAPH', '06f027c6-7165-4be8-a955-c5f6f63c1adf', NULL, 'Arm', 25, 0);
INSERT INTO item_template (id, tenant_id, category_id, parent_item_id, item_description, item_order, depth) VALUES ('0d829bfa-0cbd-4933-a3b5-09a7a47f4d66', 'MONOGRAPH', '06f027c6-7165-4be8-a955-c5f6f63c1adf', NULL, 'installation', 26, 0);
INSERT INTO item_template (id, tenant_id, category_id, parent_item_id, item_description, item_order, depth) VALUES ('2494a4f3-b6c3-4086-89db-fab79c3d6980', 'MONOGRAPH', '06f027c6-7165-4be8-a955-c5f6f63c1adf', NULL, 'operation', 27, 0);
INSERT INTO item_template (id, tenant_id, category_id, parent_item_id, item_description, item_order, depth) VALUES ('88066392-9fd8-492f-9ce8-eefdddb473c3', 'MONOGRAPH', '06f027c6-7165-4be8-a955-c5f6f63c1adf', NULL, 'Trap', 28, 0);
INSERT INTO item_template (id, tenant_id, category_id, parent_item_id, item_description, item_order, depth) VALUES ('b0312d32-db29-492c-988c-52ee09b84799', 'MONOGRAPH', '06f027c6-7165-4be8-a955-c5f6f63c1adf', NULL, 'installation', 29, 0);
INSERT INTO item_template (id, tenant_id, category_id, parent_item_id, item_description, item_order, depth) VALUES ('2ddb01f3-f5f1-4692-911f-b612d3398475', 'MONOGRAPH', '06f027c6-7165-4be8-a955-c5f6f63c1adf', NULL, 'operation', 30, 0);
INSERT INTO item_template (id, tenant_id, category_id, parent_item_id, item_description, item_order, depth) VALUES ('d0322e5d-8a52-4980-9c25-c17677b17d5d', 'MONOGRAPH', '06f027c6-7165-4be8-a955-c5f6f63c1adf', NULL, 'Shut off valve Cold', 31, 0);
INSERT INTO item_template (id, tenant_id, category_id, parent_item_id, item_description, item_order, depth) VALUES ('e02fa23b-99da-4129-bf14-c823ad87ef81', 'MONOGRAPH', '06f027c6-7165-4be8-a955-c5f6f63c1adf', NULL, 'installation', 32, 0);
INSERT INTO item_template (id, tenant_id, category_id, parent_item_id, item_description, item_order, depth) VALUES ('10497ef9-3b71-4238-8354-57844aebf46c', 'MONOGRAPH', '06f027c6-7165-4be8-a955-c5f6f63c1adf', NULL, 'operation', 33, 0);
INSERT INTO item_template (id, tenant_id, category_id, parent_item_id, item_description, item_order, depth) VALUES ('cbb5dcc4-7d54-4b8d-a17b-b45e2a9adbb6', 'MONOGRAPH', '06f027c6-7165-4be8-a955-c5f6f63c1adf', NULL, 'Shut off valve Hot', 34, 0);
INSERT INTO item_template (id, tenant_id, category_id, parent_item_id, item_description, item_order, depth) VALUES ('9d871609-41cc-43ac-8c56-7cee2992f79f', 'MONOGRAPH', '06f027c6-7165-4be8-a955-c5f6f63c1adf', NULL, 'installation', 35, 0);
INSERT INTO item_template (id, tenant_id, category_id, parent_item_id, item_description, item_order, depth) VALUES ('d3200a0c-07b8-4195-9df1-26c6ad0cbb92', 'MONOGRAPH', '06f027c6-7165-4be8-a955-c5f6f63c1adf', NULL, 'operation', 36, 0);
INSERT INTO category_template (id, tenant_id, area_id, category_name, category_order) VALUES ('b10e5a89-9441-4c6d-b2f8-58d8d47d2d3f', 'MONOGRAPH', 'b209bf75-37c0-46ee-a359-fb7386aeb8bf', 'JOINERY', 6);
INSERT INTO category_template (id, tenant_id, area_id, category_name, category_order) VALUES ('09372374-746d-40c6-8acf-793e81f31d3a', 'MONOGRAPH', 'b209bf75-37c0-46ee-a359-fb7386aeb8bf', 'FF&E', 7);
INSERT INTO item_template (id, tenant_id, category_id, parent_item_id, item_description, item_order, depth) VALUES ('8041003f-4628-49ba-b60e-e8e8c5e9fd45', 'MONOGRAPH', '09372374-746d-40c6-8acf-793e81f31d3a', NULL, 'mirror', 1, 0);
INSERT INTO item_template (id, tenant_id, category_id, parent_item_id, item_description, item_order, depth) VALUES ('6380ea50-872d-48b5-9073-1a56a95778c2', 'MONOGRAPH', '09372374-746d-40c6-8acf-793e81f31d3a', NULL, 'shelf under mirror', 2, 0);
INSERT INTO item_template (id, tenant_id, category_id, parent_item_id, item_description, item_order, depth) VALUES ('8d21075b-2fcb-4ac1-b1e8-902eeca34099', 'MONOGRAPH', '09372374-746d-40c6-8acf-793e81f31d3a', NULL, 'robe hook on shower wall', 3, 0);
INSERT INTO item_template (id, tenant_id, category_id, parent_item_id, item_description, item_order, depth) VALUES ('7b9e1400-2734-4d66-b19a-1804b77c6ec4', 'MONOGRAPH', '09372374-746d-40c6-8acf-793e81f31d3a', NULL, 'robe hook behind door on wall', 4, 0);
INSERT INTO item_template (id, tenant_id, category_id, parent_item_id, item_description, item_order, depth) VALUES ('bbad3dfe-68e3-4f1a-ac32-fa676b089194', 'MONOGRAPH', '09372374-746d-40c6-8acf-793e81f31d3a', NULL, 'toilet roll holder', 5, 0);
INSERT INTO category_template (id, tenant_id, area_id, category_name, category_order) VALUES ('1d08df85-6e93-4e68-b8df-7855e899d8d3', 'MONOGRAPH', '4fd419c7-ee1a-4f6e-ba25-6fca09e0b912', 'BEDROOM A', 1);
INSERT INTO category_template (id, tenant_id, area_id, category_name, category_order) VALUES ('37caae85-467e-4649-ba25-585924d07ef2', 'MONOGRAPH', '4fd419c7-ee1a-4f6e-ba25-6fca09e0b912', 'DOORS', 2);
INSERT INTO item_template (id, tenant_id, category_id, parent_item_id, item_description, item_order, depth) VALUES ('6887da42-4932-452d-840b-e571b1b0ddad', 'MONOGRAPH', '37caae85-467e-4649-ba25-585924d07ef2', NULL, 'D2', 1, 0);
INSERT INTO item_template (id, tenant_id, category_id, parent_item_id, item_description, item_order, depth) VALUES ('88b1da08-b3ff-48fe-9ba7-d2fca1cb4064', 'MONOGRAPH', '37caae85-467e-4649-ba25-585924d07ef2', NULL, 'finished all round', 2, 0);
INSERT INTO item_template (id, tenant_id, category_id, parent_item_id, item_description, item_order, depth) VALUES ('72d5d95b-8034-4953-b7e5-fcbd6e26f700', 'MONOGRAPH', '37caae85-467e-4649-ba25-585924d07ef2', NULL, 'paint on outside - Divina', 3, 0);
INSERT INTO item_template (id, tenant_id, category_id, parent_item_id, item_description, item_order, depth) VALUES ('6622ac3e-bd6b-4b3e-ad14-55360b908d37', 'MONOGRAPH', '37caae85-467e-4649-ba25-585924d07ef2', NULL, 'Frame', 4, 0);
INSERT INTO item_template (id, tenant_id, category_id, parent_item_id, item_description, item_order, depth) VALUES ('e150f5f1-bb6f-4e14-9568-a50d09dc1207', 'MONOGRAPH', '37caae85-467e-4649-ba25-585924d07ef2', NULL, 'hinges', 5, 0);
INSERT INTO item_template (id, tenant_id, category_id, parent_item_id, item_description, item_order, depth) VALUES ('186a3ae0-bd93-43f8-82c1-115638a7a0f3', 'MONOGRAPH', '37caae85-467e-4649-ba25-585924d07ef2', NULL, 'finish', 6, 0);
INSERT INTO item_template (id, tenant_id, category_id, parent_item_id, item_description, item_order, depth) VALUES ('cf3b76b4-18e5-42c8-b03c-c2a84c424b33', 'MONOGRAPH', '37caae85-467e-4649-ba25-585924d07ef2', NULL, 'paint on outside - Divina', 7, 0);
INSERT INTO item_template (id, tenant_id, category_id, parent_item_id, item_description, item_order, depth) VALUES ('a6f5270b-e48e-40bf-8f8f-4c4618027125', 'MONOGRAPH', '37caae85-467e-4649-ba25-585924d07ef2', NULL, 'Ironmongery', 8, 0);
INSERT INTO item_template (id, tenant_id, category_id, parent_item_id, item_description, item_order, depth) VALUES ('8d24bf76-5856-485c-a251-570463acf357', 'MONOGRAPH', '37caae85-467e-4649-ba25-585924d07ef2', NULL, 'residence lock handle', 9, 0);
INSERT INTO item_template (id, tenant_id, category_id, parent_item_id, item_description, item_order, depth) VALUES ('ef4644d0-b777-43cc-8732-09cde64d5081', 'MONOGRAPH', '37caae85-467e-4649-ba25-585924d07ef2', NULL, 'lockset - cylinder and thumb turn', 10, 0);
INSERT INTO item_template (id, tenant_id, category_id, parent_item_id, item_description, item_order, depth) VALUES ('2e782d40-d67e-4ea5-812f-efa59018184c', 'MONOGRAPH', '37caae85-467e-4649-ba25-585924d07ef2', NULL, 'key - A', 11, 0);
INSERT INTO item_template (id, tenant_id, category_id, parent_item_id, item_description, item_order, depth) VALUES ('9fd94b57-74ce-4378-b9d8-10e4e1a5e125', 'MONOGRAPH', '37caae85-467e-4649-ba25-585924d07ef2', NULL, 'door stop', 12, 0);
INSERT INTO item_template (id, tenant_id, category_id, parent_item_id, item_description, item_order, depth) VALUES ('8728c49c-476d-4941-bb5f-2366ff6e923c', 'MONOGRAPH', '37caae85-467e-4649-ba25-585924d07ef2', NULL, 'Signage', 13, 0);
INSERT INTO item_template (id, tenant_id, category_id, parent_item_id, item_description, item_order, depth) VALUES ('ae02ed4d-0016-4a44-8736-52a16893ca23', 'MONOGRAPH', '37caae85-467e-4649-ba25-585924d07ef2', NULL, 'WALLS', 14, 0);
INSERT INTO item_template (id, tenant_id, category_id, parent_item_id, item_description, item_order, depth) VALUES ('d92ef01e-5d3a-4d18-a9d0-13cd744141d7', 'MONOGRAPH', '37caae85-467e-4649-ba25-585924d07ef2', NULL, 'smooth plaster', 15, 0);
INSERT INTO item_template (id, tenant_id, category_id, parent_item_id, item_description, item_order, depth) VALUES ('38fff51f-1c48-47c7-81cc-028f6eb63a43', 'MONOGRAPH', '37caae85-467e-4649-ba25-585924d07ef2', NULL, 'paint-orchid bay', 16, 0);
INSERT INTO item_template (id, tenant_id, category_id, parent_item_id, item_description, item_order, depth) VALUES ('cd8c5b8f-296e-49a9-8deb-6ffd94dc1937', 'MONOGRAPH', '37caae85-467e-4649-ba25-585924d07ef2', NULL, 'paint - Divina', 17, 0);
INSERT INTO item_template (id, tenant_id, category_id, parent_item_id, item_description, item_order, depth) VALUES ('1df816a4-23a6-426f-90f2-f410386cdc19', 'MONOGRAPH', '37caae85-467e-4649-ba25-585924d07ef2', NULL, 'plaster recess at ceiling', 18, 0);
INSERT INTO category_template (id, tenant_id, area_id, category_name, category_order) VALUES ('9c18b5d8-3220-4197-b4e7-a1f42983db2f', 'MONOGRAPH', '4fd419c7-ee1a-4f6e-ba25-6fca09e0b912', 'WINDOWS', 3);
INSERT INTO item_template (id, tenant_id, category_id, parent_item_id, item_description, item_order, depth) VALUES ('903eb694-f48b-45f1-a954-b67b74eb615f', 'MONOGRAPH', '9c18b5d8-3220-4197-b4e7-a1f42983db2f', NULL, 'W4', 1, 0);
INSERT INTO item_template (id, tenant_id, category_id, parent_item_id, item_description, item_order, depth) VALUES ('a9558a17-3d16-451d-a845-17e21d8fcd8c', 'MONOGRAPH', '9c18b5d8-3220-4197-b4e7-a1f42983db2f', NULL, 'frame & coating', 2, 0);
INSERT INTO item_template (id, tenant_id, category_id, parent_item_id, item_description, item_order, depth) VALUES ('e6cce6f3-97bf-4f6a-b79f-c213995034a5', 'MONOGRAPH', '9c18b5d8-3220-4197-b4e7-a1f42983db2f', NULL, 'glass', 3, 0);
INSERT INTO item_template (id, tenant_id, category_id, parent_item_id, item_description, item_order, depth) VALUES ('162f0127-2460-4c3b-b49d-70a8374d2550', 'MONOGRAPH', '9c18b5d8-3220-4197-b4e7-a1f42983db2f', NULL, 'hinges', 4, 0);
INSERT INTO item_template (id, tenant_id, category_id, parent_item_id, item_description, item_order, depth) VALUES ('2ff3e399-7cb3-43a0-aec2-40c772881642', 'MONOGRAPH', '9c18b5d8-3220-4197-b4e7-a1f42983db2f', NULL, 'gaskets', 5, 0);
INSERT INTO item_template (id, tenant_id, category_id, parent_item_id, item_description, item_order, depth) VALUES ('5d9faae8-7a06-4be4-8ef1-09e934d313f4', 'MONOGRAPH', '9c18b5d8-3220-4197-b4e7-a1f42983db2f', NULL, 'operation', 6, 0);
INSERT INTO item_template (id, tenant_id, category_id, parent_item_id, item_description, item_order, depth) VALUES ('0b829c8b-3cf5-4012-9d00-91e287fbdb12', 'MONOGRAPH', '9c18b5d8-3220-4197-b4e7-a1f42983db2f', NULL, 'burglar bars', 7, 0);
INSERT INTO item_template (id, tenant_id, category_id, parent_item_id, item_description, item_order, depth) VALUES ('72960cca-ed70-46fb-9942-07835219e904', 'MONOGRAPH', '9c18b5d8-3220-4197-b4e7-a1f42983db2f', NULL, 'sill', 8, 0);
INSERT INTO item_template (id, tenant_id, category_id, parent_item_id, item_description, item_order, depth) VALUES ('1394606c-0656-440f-b5e2-2f8cca956375', 'MONOGRAPH', '9c18b5d8-3220-4197-b4e7-a1f42983db2f', NULL, 'FLOOR', 9, 0);
INSERT INTO item_template (id, tenant_id, category_id, parent_item_id, item_description, item_order, depth) VALUES ('ee6dc0d5-afb6-4fc8-875b-00df8dca875b', 'MONOGRAPH', '9c18b5d8-3220-4197-b4e7-a1f42983db2f', NULL, 'chipped/broken/hollow tiles', 10, 0);
INSERT INTO item_template (id, tenant_id, category_id, parent_item_id, item_description, item_order, depth) VALUES ('2dc54b97-ae9c-4f20-9637-dfcc805949bc', 'MONOGRAPH', '9c18b5d8-3220-4197-b4e7-a1f42983db2f', NULL, 'grout dove grey', 11, 0);
INSERT INTO item_template (id, tenant_id, category_id, parent_item_id, item_description, item_order, depth) VALUES ('76105625-59b3-44a0-b2e6-75e0ab02319c', 'MONOGRAPH', '9c18b5d8-3220-4197-b4e7-a1f42983db2f', NULL, 'tile skirting', 12, 0);
INSERT INTO item_template (id, tenant_id, category_id, parent_item_id, item_description, item_order, depth) VALUES ('c92e983b-e17c-4b7d-ad4a-c8f624d99e49', 'MONOGRAPH', '9c18b5d8-3220-4197-b4e7-a1f42983db2f', NULL, 'CEILING', 13, 0);
INSERT INTO item_template (id, tenant_id, category_id, parent_item_id, item_description, item_order, depth) VALUES ('6503a60e-cc06-4fec-bc89-7d6aa2282276', 'MONOGRAPH', '9c18b5d8-3220-4197-b4e7-a1f42983db2f', NULL, 'paint-orchid bay', 14, 0);
INSERT INTO item_template (id, tenant_id, category_id, parent_item_id, item_description, item_order, depth) VALUES ('a40dbfb4-509b-4c61-ba24-3a718a6dbd9b', 'MONOGRAPH', '9c18b5d8-3220-4197-b4e7-a1f42983db2f', NULL, 'paint - Divina', 15, 0);
INSERT INTO item_template (id, tenant_id, category_id, parent_item_id, item_description, item_order, depth) VALUES ('447cf60f-dbc5-4ae1-9b53-d6c219aaa432', 'MONOGRAPH', '9c18b5d8-3220-4197-b4e7-a1f42983db2f', NULL, 'ELECTRICAL', 16, 0);
INSERT INTO item_template (id, tenant_id, category_id, parent_item_id, item_description, item_order, depth) VALUES ('70147e1d-d34d-467f-8a96-acf268136615', 'MONOGRAPH', '9c18b5d8-3220-4197-b4e7-a1f42983db2f', NULL, 'ceiling mounted light x 1 bulbs', 17, 0);
INSERT INTO item_template (id, tenant_id, category_id, parent_item_id, item_description, item_order, depth) VALUES ('0961fb59-4e4c-4d97-9af0-f7549e0fcc6a', 'MONOGRAPH', '9c18b5d8-3220-4197-b4e7-a1f42983db2f', NULL, 'study desk light x 1 bulb', 18, 0);
INSERT INTO item_template (id, tenant_id, category_id, parent_item_id, item_description, item_order, depth) VALUES ('413faa96-a411-4c7a-8e07-4fab52c38a9d', 'MONOGRAPH', '9c18b5d8-3220-4197-b4e7-a1f42983db2f', NULL, 'panel heater plug wall 01', 19, 0);
INSERT INTO item_template (id, tenant_id, category_id, parent_item_id, item_description, item_order, depth) VALUES ('a6fd13dd-6a7f-41ab-aaf2-4ab5e520a51b', 'MONOGRAPH', '9c18b5d8-3220-4197-b4e7-a1f42983db2f', NULL, 'combination plug wall 03', 20, 0);
INSERT INTO item_template (id, tenant_id, category_id, parent_item_id, item_description, item_order, depth) VALUES ('8dd75f8b-6f31-4e26-82ae-d566cbe2e3e4', 'MONOGRAPH', '9c18b5d8-3220-4197-b4e7-a1f42983db2f', NULL, 'double light switch on wall 02', 21, 0);
INSERT INTO category_template (id, tenant_id, area_id, category_name, category_order) VALUES ('906fefb2-4a42-4e5c-9a08-449e4eccc6ab', 'MONOGRAPH', '4fd419c7-ee1a-4f6e-ba25-6fca09e0b912', 'PLUMBING', 4);
INSERT INTO category_template (id, tenant_id, area_id, category_name, category_order) VALUES ('69ed8453-cf01-44e4-b06b-50cac3b439b9', 'MONOGRAPH', '4fd419c7-ee1a-4f6e-ba25-6fca09e0b912', 'JOINERY', 5);
INSERT INTO item_template (id, tenant_id, category_id, parent_item_id, item_description, item_order, depth) VALUES ('641a1e4f-0ebc-4adb-b4ef-9e5b9662627f', 'MONOGRAPH', '69ed8453-cf01-44e4-b06b-50cac3b439b9', NULL, 'B.I.C.', 1, 0);
INSERT INTO item_template (id, tenant_id, category_id, parent_item_id, item_description, item_order, depth) VALUES ('18afb970-a909-4571-b787-4c61955ad7bf', 'MONOGRAPH', '69ed8453-cf01-44e4-b06b-50cac3b439b9', NULL, 'layout', 2, 0);
INSERT INTO item_template (id, tenant_id, category_id, parent_item_id, item_description, item_order, depth) VALUES ('fbb1ca6d-73a1-456a-b864-901beb827a03', 'MONOGRAPH', '69ed8453-cf01-44e4-b06b-50cac3b439b9', NULL, 'fixing to wall', 3, 0);
INSERT INTO item_template (id, tenant_id, category_id, parent_item_id, item_description, item_order, depth) VALUES ('33dfd421-bcc8-4199-bd4c-4bdba4bf1419', 'MONOGRAPH', '69ed8453-cf01-44e4-b06b-50cac3b439b9', NULL, 'carcass', 4, 0);
INSERT INTO item_template (id, tenant_id, category_id, parent_item_id, item_description, item_order, depth) VALUES ('7e633b6f-aa0e-4534-8c21-a8aefd494fcd', 'MONOGRAPH', '69ed8453-cf01-44e4-b06b-50cac3b439b9', NULL, 'finish', 5, 0);
INSERT INTO item_template (id, tenant_id, category_id, parent_item_id, item_description, item_order, depth) VALUES ('a81476e6-d180-4187-a8e8-53f8e741df99', 'MONOGRAPH', '69ed8453-cf01-44e4-b06b-50cac3b439b9', NULL, 'hinges', 6, 0);
INSERT INTO item_template (id, tenant_id, category_id, parent_item_id, item_description, item_order, depth) VALUES ('da83b458-099b-4ac2-b16f-e016ae615386', 'MONOGRAPH', '69ed8453-cf01-44e4-b06b-50cac3b439b9', NULL, 'handles', 7, 0);
INSERT INTO item_template (id, tenant_id, category_id, parent_item_id, item_description, item_order, depth) VALUES ('010d8cef-d750-4d38-8d22-bbdda133d848', 'MONOGRAPH', '69ed8453-cf01-44e4-b06b-50cac3b439b9', NULL, 'Floating shelf', 8, 0);
INSERT INTO item_template (id, tenant_id, category_id, parent_item_id, item_description, item_order, depth) VALUES ('5f6a1145-28a9-403d-8604-3719e241538a', 'MONOGRAPH', '69ed8453-cf01-44e4-b06b-50cac3b439b9', NULL, 'installation', 9, 0);
INSERT INTO item_template (id, tenant_id, category_id, parent_item_id, item_description, item_order, depth) VALUES ('a31fc09c-9e4a-438e-9f10-e6230305b0c5', 'MONOGRAPH', '69ed8453-cf01-44e4-b06b-50cac3b439b9', NULL, 'finish', 10, 0);
INSERT INTO item_template (id, tenant_id, category_id, parent_item_id, item_description, item_order, depth) VALUES ('049be45c-793f-4e34-85e6-e9c649195d06', 'MONOGRAPH', '69ed8453-cf01-44e4-b06b-50cac3b439b9', NULL, 'Study desk', 11, 0);
INSERT INTO item_template (id, tenant_id, category_id, parent_item_id, item_description, item_order, depth) VALUES ('64f576ae-5d63-4ded-956c-0771b5656ceb', 'MONOGRAPH', '69ed8453-cf01-44e4-b06b-50cac3b439b9', NULL, 'layout', 12, 0);
INSERT INTO item_template (id, tenant_id, category_id, parent_item_id, item_description, item_order, depth) VALUES ('14302952-c85f-43d2-8e3f-63c33c3d1309', 'MONOGRAPH', '69ed8453-cf01-44e4-b06b-50cac3b439b9', NULL, 'fixing to wall', 13, 0);
INSERT INTO item_template (id, tenant_id, category_id, parent_item_id, item_description, item_order, depth) VALUES ('8e95616a-c0fa-4411-b72e-bdff6b0ef4a7', 'MONOGRAPH', '69ed8453-cf01-44e4-b06b-50cac3b439b9', NULL, 'carcass', 14, 0);
INSERT INTO item_template (id, tenant_id, category_id, parent_item_id, item_description, item_order, depth) VALUES ('9734b0d1-02a8-41d3-b25b-71787fbab0a1', 'MONOGRAPH', '69ed8453-cf01-44e4-b06b-50cac3b439b9', NULL, 'finish', 15, 0);
INSERT INTO item_template (id, tenant_id, category_id, parent_item_id, item_description, item_order, depth) VALUES ('77ce6362-1ed4-4c62-884e-3d55a6662cc1', 'MONOGRAPH', '69ed8453-cf01-44e4-b06b-50cac3b439b9', NULL, 'top', 16, 0);
INSERT INTO category_template (id, tenant_id, area_id, category_name, category_order) VALUES ('86641423-76bb-4a64-88f8-05bb06d0e962', 'MONOGRAPH', '4fd419c7-ee1a-4f6e-ba25-6fca09e0b912', 'FF&E', 6);
INSERT INTO item_template (id, tenant_id, category_id, parent_item_id, item_description, item_order, depth) VALUES ('e7b32d90-42bc-41ca-880b-dbaa4edbe75e', 'MONOGRAPH', '86641423-76bb-4a64-88f8-05bb06d0e962', NULL, 'single bed', 1, 0);
INSERT INTO item_template (id, tenant_id, category_id, parent_item_id, item_description, item_order, depth) VALUES ('562bffdc-d2fe-4920-930e-11228096cc2f', 'MONOGRAPH', '86641423-76bb-4a64-88f8-05bb06d0e962', NULL, 'mattress', 2, 0);
INSERT INTO item_template (id, tenant_id, category_id, parent_item_id, item_description, item_order, depth) VALUES ('d01b02fd-1577-471b-a990-006a990903f3', 'MONOGRAPH', '86641423-76bb-4a64-88f8-05bb06d0e962', NULL, 'robe hook', 3, 0);
INSERT INTO item_template (id, tenant_id, category_id, parent_item_id, item_description, item_order, depth) VALUES ('e077362b-6270-4f18-828e-d8a2538a881e', 'MONOGRAPH', '86641423-76bb-4a64-88f8-05bb06d0e962', NULL, 'desk chair', 4, 0);
INSERT INTO item_template (id, tenant_id, category_id, parent_item_id, item_description, item_order, depth) VALUES ('3994594e-dccc-4a20-ba6a-25b8bb309165', 'MONOGRAPH', '86641423-76bb-4a64-88f8-05bb06d0e962', NULL, 'towel rail', 5, 0);
INSERT INTO item_template (id, tenant_id, category_id, parent_item_id, item_description, item_order, depth) VALUES ('b000d38b-6907-4eda-838e-be502654c0a4', 'MONOGRAPH', '86641423-76bb-4a64-88f8-05bb06d0e962', NULL, 'Panel heater', 6, 0);
INSERT INTO item_template (id, tenant_id, category_id, parent_item_id, item_description, item_order, depth) VALUES ('f65b05d3-bfd2-48b6-b9cf-364506774f46', 'MONOGRAPH', '86641423-76bb-4a64-88f8-05bb06d0e962', NULL, 'installation', 7, 0);
INSERT INTO item_template (id, tenant_id, category_id, parent_item_id, item_description, item_order, depth) VALUES ('5ccbd9a8-23bb-4ff5-9183-f0bac7c6a93f', 'MONOGRAPH', '86641423-76bb-4a64-88f8-05bb06d0e962', NULL, 'operation', 8, 0);
INSERT INTO item_template (id, tenant_id, category_id, parent_item_id, item_description, item_order, depth) VALUES ('a6314288-6a29-4438-8623-21fd9851e810', 'MONOGRAPH', '86641423-76bb-4a64-88f8-05bb06d0e962', NULL, 'Blind', 9, 0);
INSERT INTO item_template (id, tenant_id, category_id, parent_item_id, item_description, item_order, depth) VALUES ('e42fe506-cfd1-4871-8f93-2f3a83d6e62d', 'MONOGRAPH', '86641423-76bb-4a64-88f8-05bb06d0e962', NULL, 'installation', 10, 0);
INSERT INTO item_template (id, tenant_id, category_id, parent_item_id, item_description, item_order, depth) VALUES ('8b02c113-8bf5-4a16-ad99-ecea1b07f938', 'MONOGRAPH', '86641423-76bb-4a64-88f8-05bb06d0e962', NULL, 'operation', 11, 0);
INSERT INTO category_template (id, tenant_id, area_id, category_name, category_order) VALUES ('eb87e820-24d9-4da5-a753-f27f352ca8e3', 'MONOGRAPH', 'b2b6846f-1652-4c3b-8f15-a934a4b0a97a', 'BEDROOM B', 1);
INSERT INTO category_template (id, tenant_id, area_id, category_name, category_order) VALUES ('6bfcc065-6091-4bf3-a3d6-f9d489c1bf37', 'MONOGRAPH', 'b2b6846f-1652-4c3b-8f15-a934a4b0a97a', 'DOORS', 2);
INSERT INTO item_template (id, tenant_id, category_id, parent_item_id, item_description, item_order, depth) VALUES ('f2211ed3-c236-4d37-8ba6-d37135ecc637', 'MONOGRAPH', '6bfcc065-6091-4bf3-a3d6-f9d489c1bf37', NULL, 'D2', 1, 0);
INSERT INTO item_template (id, tenant_id, category_id, parent_item_id, item_description, item_order, depth) VALUES ('5a7aba21-978d-4caf-b1d5-bf4fc8a4b34d', 'MONOGRAPH', '6bfcc065-6091-4bf3-a3d6-f9d489c1bf37', NULL, 'finished all round', 2, 0);
INSERT INTO item_template (id, tenant_id, category_id, parent_item_id, item_description, item_order, depth) VALUES ('75142eca-c6df-46c1-99a8-5111af4329e1', 'MONOGRAPH', '6bfcc065-6091-4bf3-a3d6-f9d489c1bf37', NULL, 'paint on outside - Lemon Rind', 3, 0);
INSERT INTO item_template (id, tenant_id, category_id, parent_item_id, item_description, item_order, depth) VALUES ('2cbfc158-0e1c-401d-9ead-fb8ede3119b7', 'MONOGRAPH', '6bfcc065-6091-4bf3-a3d6-f9d489c1bf37', NULL, 'Frame', 4, 0);
INSERT INTO item_template (id, tenant_id, category_id, parent_item_id, item_description, item_order, depth) VALUES ('a63de132-d78e-4243-969b-9cf428dde53d', 'MONOGRAPH', '6bfcc065-6091-4bf3-a3d6-f9d489c1bf37', NULL, 'hinges', 5, 0);
INSERT INTO item_template (id, tenant_id, category_id, parent_item_id, item_description, item_order, depth) VALUES ('798114fa-40bf-40da-b462-c51901016af5', 'MONOGRAPH', '6bfcc065-6091-4bf3-a3d6-f9d489c1bf37', NULL, 'finish', 6, 0);
INSERT INTO item_template (id, tenant_id, category_id, parent_item_id, item_description, item_order, depth) VALUES ('92f79420-1d8b-4dc5-9f56-49e01ecf7235', 'MONOGRAPH', '6bfcc065-6091-4bf3-a3d6-f9d489c1bf37', NULL, 'paint on outside - Lemon Rind', 7, 0);
INSERT INTO item_template (id, tenant_id, category_id, parent_item_id, item_description, item_order, depth) VALUES ('bc5a5155-e3d0-40e9-addf-c450bc86977f', 'MONOGRAPH', '6bfcc065-6091-4bf3-a3d6-f9d489c1bf37', NULL, 'Ironmongery', 8, 0);
INSERT INTO item_template (id, tenant_id, category_id, parent_item_id, item_description, item_order, depth) VALUES ('8a0c004b-fe96-48af-aebe-9ec94c663b23', 'MONOGRAPH', '6bfcc065-6091-4bf3-a3d6-f9d489c1bf37', NULL, 'residence lock handle', 9, 0);
INSERT INTO item_template (id, tenant_id, category_id, parent_item_id, item_description, item_order, depth) VALUES ('6f355884-a0cc-4ea9-9bd4-84e941c42f40', 'MONOGRAPH', '6bfcc065-6091-4bf3-a3d6-f9d489c1bf37', NULL, 'lockset - cylinder and thumb turn', 10, 0);
INSERT INTO item_template (id, tenant_id, category_id, parent_item_id, item_description, item_order, depth) VALUES ('4b8c8a6f-35a6-4721-bdc6-7fa738d9ab32', 'MONOGRAPH', '6bfcc065-6091-4bf3-a3d6-f9d489c1bf37', NULL, 'key - B', 11, 0);
INSERT INTO item_template (id, tenant_id, category_id, parent_item_id, item_description, item_order, depth) VALUES ('a754ac7c-9376-47f4-b945-7e32ffee24d4', 'MONOGRAPH', '6bfcc065-6091-4bf3-a3d6-f9d489c1bf37', NULL, 'door stop', 12, 0);
INSERT INTO item_template (id, tenant_id, category_id, parent_item_id, item_description, item_order, depth) VALUES ('90ba7861-302b-465f-850e-3c04d14be911', 'MONOGRAPH', '6bfcc065-6091-4bf3-a3d6-f9d489c1bf37', NULL, 'Signage', 13, 0);
INSERT INTO item_template (id, tenant_id, category_id, parent_item_id, item_description, item_order, depth) VALUES ('e3d77fd9-f84d-4e08-9a9b-ba68cec66b78', 'MONOGRAPH', '6bfcc065-6091-4bf3-a3d6-f9d489c1bf37', NULL, 'WALLS', 14, 0);
INSERT INTO item_template (id, tenant_id, category_id, parent_item_id, item_description, item_order, depth) VALUES ('ce545973-57f8-445a-9d6e-944b1dca2d7c', 'MONOGRAPH', '6bfcc065-6091-4bf3-a3d6-f9d489c1bf37', NULL, 'smooth plaster', 15, 0);
INSERT INTO item_template (id, tenant_id, category_id, parent_item_id, item_description, item_order, depth) VALUES ('f5a1d12e-169b-44da-a263-7aadc159a55a', 'MONOGRAPH', '6bfcc065-6091-4bf3-a3d6-f9d489c1bf37', NULL, 'paint-orchid bay', 16, 0);
INSERT INTO item_template (id, tenant_id, category_id, parent_item_id, item_description, item_order, depth) VALUES ('b4013b91-3419-43ad-8902-cbd814761349', 'MONOGRAPH', '6bfcc065-6091-4bf3-a3d6-f9d489c1bf37', NULL, 'paint - Lemon Rind', 17, 0);
INSERT INTO item_template (id, tenant_id, category_id, parent_item_id, item_description, item_order, depth) VALUES ('92bf6581-1c6e-43fb-8ffd-5593dc8a6dde', 'MONOGRAPH', '6bfcc065-6091-4bf3-a3d6-f9d489c1bf37', NULL, 'plaster recess at ceiling', 18, 0);
INSERT INTO category_template (id, tenant_id, area_id, category_name, category_order) VALUES ('f4832d35-3341-4f6c-9bac-60c6f1e3e490', 'MONOGRAPH', 'b2b6846f-1652-4c3b-8f15-a934a4b0a97a', 'WINDOWS', 3);
INSERT INTO item_template (id, tenant_id, category_id, parent_item_id, item_description, item_order, depth) VALUES ('96501cbd-69c5-492f-8b43-8c2ea2ebf3e6', 'MONOGRAPH', 'f4832d35-3341-4f6c-9bac-60c6f1e3e490', NULL, 'W3', 1, 0);
INSERT INTO item_template (id, tenant_id, category_id, parent_item_id, item_description, item_order, depth) VALUES ('1ff20420-18eb-4a58-97e5-137fa8364325', 'MONOGRAPH', 'f4832d35-3341-4f6c-9bac-60c6f1e3e490', NULL, 'frame & coating', 2, 0);
INSERT INTO item_template (id, tenant_id, category_id, parent_item_id, item_description, item_order, depth) VALUES ('a25fb34a-fe03-44c4-bdcc-6a151254c34a', 'MONOGRAPH', 'f4832d35-3341-4f6c-9bac-60c6f1e3e490', NULL, 'glass', 3, 0);
INSERT INTO item_template (id, tenant_id, category_id, parent_item_id, item_description, item_order, depth) VALUES ('18244650-9ca5-4374-9e38-e8d25c0180e5', 'MONOGRAPH', 'f4832d35-3341-4f6c-9bac-60c6f1e3e490', NULL, 'hinges', 4, 0);
INSERT INTO item_template (id, tenant_id, category_id, parent_item_id, item_description, item_order, depth) VALUES ('9f158bb5-f196-4e58-a18b-000fa0e9f1d5', 'MONOGRAPH', 'f4832d35-3341-4f6c-9bac-60c6f1e3e490', NULL, 'gaskets', 5, 0);
INSERT INTO item_template (id, tenant_id, category_id, parent_item_id, item_description, item_order, depth) VALUES ('492f720f-e82b-42c0-9e0d-7d92b3fbde91', 'MONOGRAPH', 'f4832d35-3341-4f6c-9bac-60c6f1e3e490', NULL, 'operation', 6, 0);
INSERT INTO item_template (id, tenant_id, category_id, parent_item_id, item_description, item_order, depth) VALUES ('f89abf22-23bb-4d8b-8870-eef88b5bc920', 'MONOGRAPH', 'f4832d35-3341-4f6c-9bac-60c6f1e3e490', NULL, 'burglar bars', 7, 0);
INSERT INTO item_template (id, tenant_id, category_id, parent_item_id, item_description, item_order, depth) VALUES ('cb92d32d-3f73-4f5e-bb64-ef421d192bed', 'MONOGRAPH', 'f4832d35-3341-4f6c-9bac-60c6f1e3e490', NULL, 'sill', 8, 0);
INSERT INTO category_template (id, tenant_id, area_id, category_name, category_order) VALUES ('6ec98b8c-6f10-4bd1-869f-b62f61f7a39b', 'MONOGRAPH', 'b2b6846f-1652-4c3b-8f15-a934a4b0a97a', 'FLOOR', 4);
INSERT INTO item_template (id, tenant_id, category_id, parent_item_id, item_description, item_order, depth) VALUES ('295b566f-a88b-41de-aaa2-d2d7188775c9', 'MONOGRAPH', '6ec98b8c-6f10-4bd1-869f-b62f61f7a39b', NULL, 'chipped/broken/hollow tiles', 1, 0);
INSERT INTO item_template (id, tenant_id, category_id, parent_item_id, item_description, item_order, depth) VALUES ('6e43082b-f1a7-4082-a773-2700f07072ae', 'MONOGRAPH', '6ec98b8c-6f10-4bd1-869f-b62f61f7a39b', NULL, 'grout dove grey', 2, 0);
INSERT INTO item_template (id, tenant_id, category_id, parent_item_id, item_description, item_order, depth) VALUES ('d958be18-95f3-4df3-ba3e-037632d307c1', 'MONOGRAPH', '6ec98b8c-6f10-4bd1-869f-b62f61f7a39b', NULL, 'tile skirting', 3, 0);
INSERT INTO item_template (id, tenant_id, category_id, parent_item_id, item_description, item_order, depth) VALUES ('a0a8c6d6-d7a2-4a75-b689-9e8ac9ceafa1', 'MONOGRAPH', '6ec98b8c-6f10-4bd1-869f-b62f61f7a39b', NULL, 'CEILING', 4, 0);
INSERT INTO item_template (id, tenant_id, category_id, parent_item_id, item_description, item_order, depth) VALUES ('2148044f-695e-425d-b1dc-df44cfb82eaa', 'MONOGRAPH', '6ec98b8c-6f10-4bd1-869f-b62f61f7a39b', NULL, 'paint-orchid bay', 5, 0);
INSERT INTO item_template (id, tenant_id, category_id, parent_item_id, item_description, item_order, depth) VALUES ('af1291bd-1ab5-4549-b235-1f5a98d471bb', 'MONOGRAPH', '6ec98b8c-6f10-4bd1-869f-b62f61f7a39b', NULL, 'paint - Lemon Rind', 6, 0);
INSERT INTO item_template (id, tenant_id, category_id, parent_item_id, item_description, item_order, depth) VALUES ('9fa76f56-1975-474d-a036-572b7b588463', 'MONOGRAPH', '6ec98b8c-6f10-4bd1-869f-b62f61f7a39b', NULL, 'ELECTRICAL', 7, 0);
INSERT INTO item_template (id, tenant_id, category_id, parent_item_id, item_description, item_order, depth) VALUES ('42b87a54-3d1d-4313-a6a3-3c476a8ec799', 'MONOGRAPH', '6ec98b8c-6f10-4bd1-869f-b62f61f7a39b', NULL, 'ceiling mounted light x 1 bulbs', 8, 0);
INSERT INTO item_template (id, tenant_id, category_id, parent_item_id, item_description, item_order, depth) VALUES ('b1b54659-702f-435f-840f-34ead42c3849', 'MONOGRAPH', '6ec98b8c-6f10-4bd1-869f-b62f61f7a39b', NULL, 'study desk light x 1 bulb', 9, 0);
INSERT INTO item_template (id, tenant_id, category_id, parent_item_id, item_description, item_order, depth) VALUES ('315446a1-e9da-4187-9826-f069cd6177d6', 'MONOGRAPH', '6ec98b8c-6f10-4bd1-869f-b62f61f7a39b', NULL, 'panel heater plug wall 07', 10, 0);
INSERT INTO item_template (id, tenant_id, category_id, parent_item_id, item_description, item_order, depth) VALUES ('2577596d-fb7e-475b-852b-e1f9e9ba21e6', 'MONOGRAPH', '6ec98b8c-6f10-4bd1-869f-b62f61f7a39b', NULL, 'combination plug wall 05', 11, 0);
INSERT INTO item_template (id, tenant_id, category_id, parent_item_id, item_description, item_order, depth) VALUES ('34a54716-f74e-46fb-bef2-8c3fdb343408', 'MONOGRAPH', '6ec98b8c-6f10-4bd1-869f-b62f61f7a39b', NULL, 'double light switch on wall 08', 12, 0);
INSERT INTO category_template (id, tenant_id, area_id, category_name, category_order) VALUES ('988cdf05-4dda-423c-886e-0f234644faeb', 'MONOGRAPH', 'b2b6846f-1652-4c3b-8f15-a934a4b0a97a', 'PLUMBING', 5);
INSERT INTO category_template (id, tenant_id, area_id, category_name, category_order) VALUES ('ff7f25e6-d749-4335-bb67-dc1ef9ce2bf0', 'MONOGRAPH', 'b2b6846f-1652-4c3b-8f15-a934a4b0a97a', 'JOINERY', 6);
INSERT INTO item_template (id, tenant_id, category_id, parent_item_id, item_description, item_order, depth) VALUES ('cc5fefcd-4c51-4de3-94db-c09e614f23e0', 'MONOGRAPH', 'ff7f25e6-d749-4335-bb67-dc1ef9ce2bf0', NULL, 'B.I.C.', 1, 0);
INSERT INTO item_template (id, tenant_id, category_id, parent_item_id, item_description, item_order, depth) VALUES ('b2ad696f-3f69-4651-b724-141df077a621', 'MONOGRAPH', 'ff7f25e6-d749-4335-bb67-dc1ef9ce2bf0', NULL, 'layout', 2, 0);
INSERT INTO item_template (id, tenant_id, category_id, parent_item_id, item_description, item_order, depth) VALUES ('ba5a3cbb-0329-49eb-b4c5-0a6b57c15317', 'MONOGRAPH', 'ff7f25e6-d749-4335-bb67-dc1ef9ce2bf0', NULL, 'fixing to wall', 3, 0);
INSERT INTO item_template (id, tenant_id, category_id, parent_item_id, item_description, item_order, depth) VALUES ('530fd66a-c233-4ba6-9a25-c4d8a4029a9b', 'MONOGRAPH', 'ff7f25e6-d749-4335-bb67-dc1ef9ce2bf0', NULL, 'carcass', 4, 0);
INSERT INTO item_template (id, tenant_id, category_id, parent_item_id, item_description, item_order, depth) VALUES ('fe5b8b74-e347-4bdd-aa93-e6bd2f1a6f1c', 'MONOGRAPH', 'ff7f25e6-d749-4335-bb67-dc1ef9ce2bf0', NULL, 'finish', 5, 0);
INSERT INTO item_template (id, tenant_id, category_id, parent_item_id, item_description, item_order, depth) VALUES ('3386f8c8-8b77-41a8-9099-259c8b3caab8', 'MONOGRAPH', 'ff7f25e6-d749-4335-bb67-dc1ef9ce2bf0', NULL, 'hinges', 6, 0);
INSERT INTO item_template (id, tenant_id, category_id, parent_item_id, item_description, item_order, depth) VALUES ('cf43afe2-c941-4fa5-a460-02a2f099b237', 'MONOGRAPH', 'ff7f25e6-d749-4335-bb67-dc1ef9ce2bf0', NULL, 'handles', 7, 0);
INSERT INTO item_template (id, tenant_id, category_id, parent_item_id, item_description, item_order, depth) VALUES ('b31da271-11ff-420c-8f1d-b6a24dd65a76', 'MONOGRAPH', 'ff7f25e6-d749-4335-bb67-dc1ef9ce2bf0', NULL, 'Floating shelf', 8, 0);
INSERT INTO item_template (id, tenant_id, category_id, parent_item_id, item_description, item_order, depth) VALUES ('661cdab4-2f7c-458a-ae0a-358c79f2172c', 'MONOGRAPH', 'ff7f25e6-d749-4335-bb67-dc1ef9ce2bf0', NULL, 'installation', 9, 0);
INSERT INTO item_template (id, tenant_id, category_id, parent_item_id, item_description, item_order, depth) VALUES ('f692f615-5946-400f-802f-1d31a2e4cc5b', 'MONOGRAPH', 'ff7f25e6-d749-4335-bb67-dc1ef9ce2bf0', NULL, 'finish', 10, 0);
INSERT INTO item_template (id, tenant_id, category_id, parent_item_id, item_description, item_order, depth) VALUES ('e1d8aebc-642d-471f-a53c-4f9fa260262c', 'MONOGRAPH', 'ff7f25e6-d749-4335-bb67-dc1ef9ce2bf0', NULL, 'Study desk', 11, 0);
INSERT INTO item_template (id, tenant_id, category_id, parent_item_id, item_description, item_order, depth) VALUES ('4a5aed7b-278a-4954-a1cd-362b2a71370b', 'MONOGRAPH', 'ff7f25e6-d749-4335-bb67-dc1ef9ce2bf0', NULL, 'layout', 12, 0);
INSERT INTO item_template (id, tenant_id, category_id, parent_item_id, item_description, item_order, depth) VALUES ('c3ed3604-ffde-4d09-8e3c-0ebdfbe79961', 'MONOGRAPH', 'ff7f25e6-d749-4335-bb67-dc1ef9ce2bf0', NULL, 'fixing to wall', 13, 0);
INSERT INTO item_template (id, tenant_id, category_id, parent_item_id, item_description, item_order, depth) VALUES ('2f0c0e39-c30a-4043-84d5-9e912dfe7c80', 'MONOGRAPH', 'ff7f25e6-d749-4335-bb67-dc1ef9ce2bf0', NULL, 'carcass', 14, 0);
INSERT INTO item_template (id, tenant_id, category_id, parent_item_id, item_description, item_order, depth) VALUES ('d7615da3-fd57-498d-9da4-68cbbbc2040a', 'MONOGRAPH', 'ff7f25e6-d749-4335-bb67-dc1ef9ce2bf0', NULL, 'finish', 15, 0);
INSERT INTO item_template (id, tenant_id, category_id, parent_item_id, item_description, item_order, depth) VALUES ('8d45b0cb-00f7-4fe9-85e2-6c1687a3e22d', 'MONOGRAPH', 'ff7f25e6-d749-4335-bb67-dc1ef9ce2bf0', NULL, 'top', 16, 0);
INSERT INTO category_template (id, tenant_id, area_id, category_name, category_order) VALUES ('2f714d6a-d48e-42e0-b631-f86fb45579ca', 'MONOGRAPH', 'b2b6846f-1652-4c3b-8f15-a934a4b0a97a', 'FF&E', 7);
INSERT INTO item_template (id, tenant_id, category_id, parent_item_id, item_description, item_order, depth) VALUES ('ba2c2580-14ab-4d2d-ae9a-d536c5b0cf96', 'MONOGRAPH', '2f714d6a-d48e-42e0-b631-f86fb45579ca', NULL, 'single bed', 1, 0);
INSERT INTO item_template (id, tenant_id, category_id, parent_item_id, item_description, item_order, depth) VALUES ('111a46f6-b194-4250-814d-5567770e7955', 'MONOGRAPH', '2f714d6a-d48e-42e0-b631-f86fb45579ca', NULL, 'mattress', 2, 0);
INSERT INTO item_template (id, tenant_id, category_id, parent_item_id, item_description, item_order, depth) VALUES ('802f7534-3fbc-4da1-8cfb-01c01b1bc6a1', 'MONOGRAPH', '2f714d6a-d48e-42e0-b631-f86fb45579ca', NULL, 'robe hook', 3, 0);
INSERT INTO item_template (id, tenant_id, category_id, parent_item_id, item_description, item_order, depth) VALUES ('be361fb2-9fae-44cf-875d-59cbfa9fdf41', 'MONOGRAPH', '2f714d6a-d48e-42e0-b631-f86fb45579ca', NULL, 'desk chair', 4, 0);
INSERT INTO item_template (id, tenant_id, category_id, parent_item_id, item_description, item_order, depth) VALUES ('5a3a82e3-5535-499a-b7e5-440dc56d19ff', 'MONOGRAPH', '2f714d6a-d48e-42e0-b631-f86fb45579ca', NULL, 'towel rail', 5, 0);
INSERT INTO item_template (id, tenant_id, category_id, parent_item_id, item_description, item_order, depth) VALUES ('db29155f-c799-4fc8-8ba7-45d453e52146', 'MONOGRAPH', '2f714d6a-d48e-42e0-b631-f86fb45579ca', NULL, 'Panel heater', 6, 0);
INSERT INTO item_template (id, tenant_id, category_id, parent_item_id, item_description, item_order, depth) VALUES ('f2e41c9a-825d-41cf-8486-40e9e71355f9', 'MONOGRAPH', '2f714d6a-d48e-42e0-b631-f86fb45579ca', NULL, 'installation', 7, 0);
INSERT INTO item_template (id, tenant_id, category_id, parent_item_id, item_description, item_order, depth) VALUES ('ae07fa08-50eb-4d56-85cf-6a77333449a6', 'MONOGRAPH', '2f714d6a-d48e-42e0-b631-f86fb45579ca', NULL, 'operation', 8, 0);
INSERT INTO item_template (id, tenant_id, category_id, parent_item_id, item_description, item_order, depth) VALUES ('f9afdf9c-fa3c-4fb8-a7bd-d656971b35ba', 'MONOGRAPH', '2f714d6a-d48e-42e0-b631-f86fb45579ca', NULL, 'Blind', 9, 0);
INSERT INTO item_template (id, tenant_id, category_id, parent_item_id, item_description, item_order, depth) VALUES ('9dc9e8a6-4a5a-4422-b732-86bd55e6d8c9', 'MONOGRAPH', '2f714d6a-d48e-42e0-b631-f86fb45579ca', NULL, 'installation', 10, 0);
INSERT INTO item_template (id, tenant_id, category_id, parent_item_id, item_description, item_order, depth) VALUES ('72062494-e4f1-47ce-a5d3-ac5d5e0b65e9', 'MONOGRAPH', '2f714d6a-d48e-42e0-b631-f86fb45579ca', NULL, 'operation', 11, 0);
INSERT INTO category_template (id, tenant_id, area_id, category_name, category_order) VALUES ('a8d84a40-2508-45f3-b5f8-8999035e2b65', 'MONOGRAPH', 'b135368d-e845-4ad4-89e5-ed874609530b', 'BEDROOM C', 1);
INSERT INTO category_template (id, tenant_id, area_id, category_name, category_order) VALUES ('f09e092e-2eb6-4980-bb2c-83af43b5a0d2', 'MONOGRAPH', 'b135368d-e845-4ad4-89e5-ed874609530b', 'DOORS', 2);
INSERT INTO item_template (id, tenant_id, category_id, parent_item_id, item_description, item_order, depth) VALUES ('fe3dc397-a775-4689-b2e5-4b2bee13d1da', 'MONOGRAPH', 'f09e092e-2eb6-4980-bb2c-83af43b5a0d2', NULL, 'D2', 1, 0);
INSERT INTO item_template (id, tenant_id, category_id, parent_item_id, item_description, item_order, depth) VALUES ('8e2ca50a-973d-4c3c-8c6d-cd325e273527', 'MONOGRAPH', 'f09e092e-2eb6-4980-bb2c-83af43b5a0d2', NULL, 'finished all round', 2, 0);
INSERT INTO item_template (id, tenant_id, category_id, parent_item_id, item_description, item_order, depth) VALUES ('b992770e-e3ad-488c-a2d2-1854d80af961', 'MONOGRAPH', 'f09e092e-2eb6-4980-bb2c-83af43b5a0d2', NULL, 'paint on outside - Glorious gold', 3, 0);
INSERT INTO item_template (id, tenant_id, category_id, parent_item_id, item_description, item_order, depth) VALUES ('37f28a39-bf5f-432f-a5df-b353ab91d2f6', 'MONOGRAPH', 'f09e092e-2eb6-4980-bb2c-83af43b5a0d2', NULL, 'Frame', 4, 0);
INSERT INTO item_template (id, tenant_id, category_id, parent_item_id, item_description, item_order, depth) VALUES ('d72703a0-11a8-407e-a832-e28d5f0ea04d', 'MONOGRAPH', 'f09e092e-2eb6-4980-bb2c-83af43b5a0d2', NULL, 'hinges', 5, 0);
INSERT INTO item_template (id, tenant_id, category_id, parent_item_id, item_description, item_order, depth) VALUES ('13cb44f5-3b2d-416b-81cf-b0683c255afd', 'MONOGRAPH', 'f09e092e-2eb6-4980-bb2c-83af43b5a0d2', NULL, 'finish', 6, 0);
INSERT INTO item_template (id, tenant_id, category_id, parent_item_id, item_description, item_order, depth) VALUES ('dfca7407-8c13-472b-ae64-6dac30579b6b', 'MONOGRAPH', 'f09e092e-2eb6-4980-bb2c-83af43b5a0d2', NULL, 'paint on outside - Glorious gold', 7, 0);
INSERT INTO item_template (id, tenant_id, category_id, parent_item_id, item_description, item_order, depth) VALUES ('cb02abcc-7660-4eca-b904-b38c70485d65', 'MONOGRAPH', 'f09e092e-2eb6-4980-bb2c-83af43b5a0d2', NULL, 'Ironmongery', 8, 0);
INSERT INTO item_template (id, tenant_id, category_id, parent_item_id, item_description, item_order, depth) VALUES ('0a62f7bf-68f9-4e7f-8da4-2df77152d3ed', 'MONOGRAPH', 'f09e092e-2eb6-4980-bb2c-83af43b5a0d2', NULL, 'residence lock handle', 9, 0);
INSERT INTO item_template (id, tenant_id, category_id, parent_item_id, item_description, item_order, depth) VALUES ('f368a566-20bd-4d10-af74-c9b31f7dced6', 'MONOGRAPH', 'f09e092e-2eb6-4980-bb2c-83af43b5a0d2', NULL, 'lockset - cylinder and thumb turn', 10, 0);
INSERT INTO item_template (id, tenant_id, category_id, parent_item_id, item_description, item_order, depth) VALUES ('bb1a4ae1-bec0-417e-a54d-c9ecdf357ba5', 'MONOGRAPH', 'f09e092e-2eb6-4980-bb2c-83af43b5a0d2', NULL, 'key - C', 11, 0);
INSERT INTO item_template (id, tenant_id, category_id, parent_item_id, item_description, item_order, depth) VALUES ('9d444322-69f1-4af0-bba1-097b6c2c4e18', 'MONOGRAPH', 'f09e092e-2eb6-4980-bb2c-83af43b5a0d2', NULL, 'door stop', 12, 0);
INSERT INTO item_template (id, tenant_id, category_id, parent_item_id, item_description, item_order, depth) VALUES ('8b3d9511-6161-4f4b-b099-4e54d372954d', 'MONOGRAPH', 'f09e092e-2eb6-4980-bb2c-83af43b5a0d2', NULL, 'Signage', 13, 0);
INSERT INTO category_template (id, tenant_id, area_id, category_name, category_order) VALUES ('89c8baf3-09dd-4d99-ba80-e469d4f5a7d9', 'MONOGRAPH', 'b135368d-e845-4ad4-89e5-ed874609530b', 'WALLS', 3);
INSERT INTO item_template (id, tenant_id, category_id, parent_item_id, item_description, item_order, depth) VALUES ('23d45de1-4b65-42c6-9113-a06fe633c658', 'MONOGRAPH', '89c8baf3-09dd-4d99-ba80-e469d4f5a7d9', NULL, 'smooth plaster', 1, 0);
INSERT INTO item_template (id, tenant_id, category_id, parent_item_id, item_description, item_order, depth) VALUES ('8f753da8-da7e-47e6-a40f-294f2c27742f', 'MONOGRAPH', '89c8baf3-09dd-4d99-ba80-e469d4f5a7d9', NULL, 'paint-orchid bay', 2, 0);
INSERT INTO item_template (id, tenant_id, category_id, parent_item_id, item_description, item_order, depth) VALUES ('87127212-030d-4f53-86b6-6925f03ad7c4', 'MONOGRAPH', '89c8baf3-09dd-4d99-ba80-e469d4f5a7d9', NULL, 'paint - Glorious gold', 3, 0);
INSERT INTO item_template (id, tenant_id, category_id, parent_item_id, item_description, item_order, depth) VALUES ('b2577ee3-7f60-40aa-8bec-de81d941ce44', 'MONOGRAPH', '89c8baf3-09dd-4d99-ba80-e469d4f5a7d9', NULL, 'plaster recess at ceiling', 4, 0);
INSERT INTO category_template (id, tenant_id, area_id, category_name, category_order) VALUES ('bd149880-b9ba-4707-b90a-eb8ea40e7891', 'MONOGRAPH', 'b135368d-e845-4ad4-89e5-ed874609530b', 'WINDOWS', 4);
INSERT INTO item_template (id, tenant_id, category_id, parent_item_id, item_description, item_order, depth) VALUES ('8be11de3-7b90-4a4d-8e41-106ed0a39854', 'MONOGRAPH', 'bd149880-b9ba-4707-b90a-eb8ea40e7891', NULL, 'W3', 1, 0);
INSERT INTO item_template (id, tenant_id, category_id, parent_item_id, item_description, item_order, depth) VALUES ('d78ae73d-9ed2-4866-9ddc-9ad2f7cb39d6', 'MONOGRAPH', 'bd149880-b9ba-4707-b90a-eb8ea40e7891', NULL, 'frame & coating', 2, 0);
INSERT INTO item_template (id, tenant_id, category_id, parent_item_id, item_description, item_order, depth) VALUES ('42a6846c-6802-4126-b42a-e0d2284dafaf', 'MONOGRAPH', 'bd149880-b9ba-4707-b90a-eb8ea40e7891', NULL, 'glass', 3, 0);
INSERT INTO item_template (id, tenant_id, category_id, parent_item_id, item_description, item_order, depth) VALUES ('9fbce157-1fb3-47f2-8a8c-df66c5bcba35', 'MONOGRAPH', 'bd149880-b9ba-4707-b90a-eb8ea40e7891', NULL, 'hinges', 4, 0);
INSERT INTO item_template (id, tenant_id, category_id, parent_item_id, item_description, item_order, depth) VALUES ('e65891c2-0637-40e1-8502-3d860b484a7d', 'MONOGRAPH', 'bd149880-b9ba-4707-b90a-eb8ea40e7891', NULL, 'gaskets', 5, 0);
INSERT INTO item_template (id, tenant_id, category_id, parent_item_id, item_description, item_order, depth) VALUES ('243ef796-299f-4ece-ba1f-2f0ef1adb952', 'MONOGRAPH', 'bd149880-b9ba-4707-b90a-eb8ea40e7891', NULL, 'operation', 6, 0);
INSERT INTO item_template (id, tenant_id, category_id, parent_item_id, item_description, item_order, depth) VALUES ('d25ef4be-82e6-4810-8d00-917158df40cf', 'MONOGRAPH', 'bd149880-b9ba-4707-b90a-eb8ea40e7891', NULL, 'burglar bars', 7, 0);
INSERT INTO item_template (id, tenant_id, category_id, parent_item_id, item_description, item_order, depth) VALUES ('092f1555-4eab-4d66-abf2-f39c6c97c17b', 'MONOGRAPH', 'bd149880-b9ba-4707-b90a-eb8ea40e7891', NULL, 'sill', 8, 0);
INSERT INTO item_template (id, tenant_id, category_id, parent_item_id, item_description, item_order, depth) VALUES ('b57e214e-77ad-4edc-9b1f-93e73a087f5b', 'MONOGRAPH', 'bd149880-b9ba-4707-b90a-eb8ea40e7891', NULL, 'FLOOR', 9, 0);
INSERT INTO item_template (id, tenant_id, category_id, parent_item_id, item_description, item_order, depth) VALUES ('73b57d84-cb14-48b1-899b-a083f9178638', 'MONOGRAPH', 'bd149880-b9ba-4707-b90a-eb8ea40e7891', NULL, 'chipped/broken/hollow tiles', 10, 0);
INSERT INTO item_template (id, tenant_id, category_id, parent_item_id, item_description, item_order, depth) VALUES ('830f3161-fb0e-4245-81df-ffbe5dfcfb34', 'MONOGRAPH', 'bd149880-b9ba-4707-b90a-eb8ea40e7891', NULL, 'grout dove grey', 11, 0);
INSERT INTO item_template (id, tenant_id, category_id, parent_item_id, item_description, item_order, depth) VALUES ('0dbc19f3-0dc6-43c3-a818-5eb75c243d4d', 'MONOGRAPH', 'bd149880-b9ba-4707-b90a-eb8ea40e7891', NULL, 'tile skirting', 12, 0);
INSERT INTO item_template (id, tenant_id, category_id, parent_item_id, item_description, item_order, depth) VALUES ('0b902066-69d0-490d-a588-05883040f9b1', 'MONOGRAPH', 'bd149880-b9ba-4707-b90a-eb8ea40e7891', NULL, 'CEILING', 13, 0);
INSERT INTO item_template (id, tenant_id, category_id, parent_item_id, item_description, item_order, depth) VALUES ('713626a2-275e-4cf1-92f1-27e60b02babb', 'MONOGRAPH', 'bd149880-b9ba-4707-b90a-eb8ea40e7891', NULL, 'paint-orchid bay', 14, 0);
INSERT INTO item_template (id, tenant_id, category_id, parent_item_id, item_description, item_order, depth) VALUES ('1a054cc4-2a32-4024-8a8a-1d00b05ac203', 'MONOGRAPH', 'bd149880-b9ba-4707-b90a-eb8ea40e7891', NULL, 'paint - Glorious gold', 15, 0);
INSERT INTO item_template (id, tenant_id, category_id, parent_item_id, item_description, item_order, depth) VALUES ('cda819da-81f8-4420-a1bd-6b1310b22a50', 'MONOGRAPH', 'bd149880-b9ba-4707-b90a-eb8ea40e7891', NULL, 'ELECTRICAL', 16, 0);
INSERT INTO item_template (id, tenant_id, category_id, parent_item_id, item_description, item_order, depth) VALUES ('252988f0-f6cd-4a48-8fc5-781f3d0bb483', 'MONOGRAPH', 'bd149880-b9ba-4707-b90a-eb8ea40e7891', NULL, 'ceiling mounted light x 1 bulbs', 17, 0);
INSERT INTO item_template (id, tenant_id, category_id, parent_item_id, item_description, item_order, depth) VALUES ('4f7f0736-2cb4-4543-b6c4-45bfc31de342', 'MONOGRAPH', 'bd149880-b9ba-4707-b90a-eb8ea40e7891', NULL, 'study desk light x 1 bulb', 18, 0);
INSERT INTO item_template (id, tenant_id, category_id, parent_item_id, item_description, item_order, depth) VALUES ('8636ce56-161b-4d9c-8c70-78ba1b10826e', 'MONOGRAPH', 'bd149880-b9ba-4707-b90a-eb8ea40e7891', NULL, 'panel heater plug wall 21', 19, 0);
INSERT INTO item_template (id, tenant_id, category_id, parent_item_id, item_description, item_order, depth) VALUES ('65de322b-1b71-4657-a5e6-14fc22aecfeb', 'MONOGRAPH', 'bd149880-b9ba-4707-b90a-eb8ea40e7891', NULL, 'combination plug wall 22', 20, 0);
INSERT INTO item_template (id, tenant_id, category_id, parent_item_id, item_description, item_order, depth) VALUES ('5874cd81-d08f-476f-9d69-b4fdf4298996', 'MONOGRAPH', 'bd149880-b9ba-4707-b90a-eb8ea40e7891', NULL, 'double light switch on wall 24', 21, 0);
INSERT INTO category_template (id, tenant_id, area_id, category_name, category_order) VALUES ('d4617a61-47a4-473d-98fb-2ee827cad330', 'MONOGRAPH', 'b135368d-e845-4ad4-89e5-ed874609530b', 'PLUMBING', 5);
INSERT INTO category_template (id, tenant_id, area_id, category_name, category_order) VALUES ('d937b3a2-2f8b-49f4-9a0a-0adf75d81e11', 'MONOGRAPH', 'b135368d-e845-4ad4-89e5-ed874609530b', 'JOINERY', 6);
INSERT INTO item_template (id, tenant_id, category_id, parent_item_id, item_description, item_order, depth) VALUES ('bc1dfe51-ad0c-4e42-91f7-00d6556bee52', 'MONOGRAPH', 'd937b3a2-2f8b-49f4-9a0a-0adf75d81e11', NULL, 'B.I.C.', 1, 0);
INSERT INTO item_template (id, tenant_id, category_id, parent_item_id, item_description, item_order, depth) VALUES ('dacc9245-9678-4880-ad0e-b30c49e936a2', 'MONOGRAPH', 'd937b3a2-2f8b-49f4-9a0a-0adf75d81e11', NULL, 'layout', 2, 0);
INSERT INTO item_template (id, tenant_id, category_id, parent_item_id, item_description, item_order, depth) VALUES ('11bd6c83-8446-4109-a678-af31a5ade4c5', 'MONOGRAPH', 'd937b3a2-2f8b-49f4-9a0a-0adf75d81e11', NULL, 'fixing to wall', 3, 0);
INSERT INTO item_template (id, tenant_id, category_id, parent_item_id, item_description, item_order, depth) VALUES ('b97636da-caa4-49a2-aea1-febc4ed4fd00', 'MONOGRAPH', 'd937b3a2-2f8b-49f4-9a0a-0adf75d81e11', NULL, 'carcass', 4, 0);
INSERT INTO item_template (id, tenant_id, category_id, parent_item_id, item_description, item_order, depth) VALUES ('2d5fe645-8ed0-42d1-9ab8-32a6fb29b432', 'MONOGRAPH', 'd937b3a2-2f8b-49f4-9a0a-0adf75d81e11', NULL, 'finish', 5, 0);
INSERT INTO item_template (id, tenant_id, category_id, parent_item_id, item_description, item_order, depth) VALUES ('5ddaf861-bfc3-46c9-a055-e29ea23ef83f', 'MONOGRAPH', 'd937b3a2-2f8b-49f4-9a0a-0adf75d81e11', NULL, 'hinges', 6, 0);
INSERT INTO item_template (id, tenant_id, category_id, parent_item_id, item_description, item_order, depth) VALUES ('3bf7c46f-e89b-4a92-8d24-509e21fe36aa', 'MONOGRAPH', 'd937b3a2-2f8b-49f4-9a0a-0adf75d81e11', NULL, 'handles', 7, 0);
INSERT INTO item_template (id, tenant_id, category_id, parent_item_id, item_description, item_order, depth) VALUES ('a704d04e-a81a-4c8a-a74e-3d66463bcc39', 'MONOGRAPH', 'd937b3a2-2f8b-49f4-9a0a-0adf75d81e11', NULL, 'Floating shelf', 8, 0);
INSERT INTO item_template (id, tenant_id, category_id, parent_item_id, item_description, item_order, depth) VALUES ('91516870-4216-4cc9-a0e4-abe4ca7e0c76', 'MONOGRAPH', 'd937b3a2-2f8b-49f4-9a0a-0adf75d81e11', NULL, 'installation', 9, 0);
INSERT INTO item_template (id, tenant_id, category_id, parent_item_id, item_description, item_order, depth) VALUES ('bee484e1-0cd4-4b01-ac98-072b3d709a0c', 'MONOGRAPH', 'd937b3a2-2f8b-49f4-9a0a-0adf75d81e11', NULL, 'finish', 10, 0);
INSERT INTO item_template (id, tenant_id, category_id, parent_item_id, item_description, item_order, depth) VALUES ('9798c52b-bcd3-45bf-80c5-6a96399cf2c8', 'MONOGRAPH', 'd937b3a2-2f8b-49f4-9a0a-0adf75d81e11', NULL, 'Study desk', 11, 0);
INSERT INTO item_template (id, tenant_id, category_id, parent_item_id, item_description, item_order, depth) VALUES ('198dbf05-ceda-4439-8814-b89b66a825fa', 'MONOGRAPH', 'd937b3a2-2f8b-49f4-9a0a-0adf75d81e11', NULL, 'layout', 12, 0);
INSERT INTO item_template (id, tenant_id, category_id, parent_item_id, item_description, item_order, depth) VALUES ('f7800ae9-8a40-4ae9-8834-78c3a0b28bb9', 'MONOGRAPH', 'd937b3a2-2f8b-49f4-9a0a-0adf75d81e11', NULL, 'fixing to wall', 13, 0);
INSERT INTO item_template (id, tenant_id, category_id, parent_item_id, item_description, item_order, depth) VALUES ('dcb6591a-e647-4d39-b50c-fbee851b4727', 'MONOGRAPH', 'd937b3a2-2f8b-49f4-9a0a-0adf75d81e11', NULL, 'carcass', 14, 0);
INSERT INTO item_template (id, tenant_id, category_id, parent_item_id, item_description, item_order, depth) VALUES ('02e4e435-0f24-4953-bf3e-c92e85867797', 'MONOGRAPH', 'd937b3a2-2f8b-49f4-9a0a-0adf75d81e11', NULL, 'finish', 15, 0);
INSERT INTO item_template (id, tenant_id, category_id, parent_item_id, item_description, item_order, depth) VALUES ('2334d4e2-9a45-413f-82e9-b280d7c1c34f', 'MONOGRAPH', 'd937b3a2-2f8b-49f4-9a0a-0adf75d81e11', NULL, 'top', 16, 0);
INSERT INTO item_template (id, tenant_id, category_id, parent_item_id, item_description, item_order, depth) VALUES ('00fac297-0a5a-44e0-b256-8d66d658bc13', 'MONOGRAPH', 'd937b3a2-2f8b-49f4-9a0a-0adf75d81e11', NULL, 'FF&E', 17, 0);
INSERT INTO item_template (id, tenant_id, category_id, parent_item_id, item_description, item_order, depth) VALUES ('56a78d8a-661f-41ff-a5d5-64f8afb85e90', 'MONOGRAPH', 'd937b3a2-2f8b-49f4-9a0a-0adf75d81e11', NULL, 'single bed', 18, 0);
INSERT INTO item_template (id, tenant_id, category_id, parent_item_id, item_description, item_order, depth) VALUES ('dbffd26f-4faf-4b49-bd6f-ebda0f37aac8', 'MONOGRAPH', 'd937b3a2-2f8b-49f4-9a0a-0adf75d81e11', NULL, 'mattress', 19, 0);
INSERT INTO item_template (id, tenant_id, category_id, parent_item_id, item_description, item_order, depth) VALUES ('a9b27b63-2593-4e66-8824-5e38fbabd1b0', 'MONOGRAPH', 'd937b3a2-2f8b-49f4-9a0a-0adf75d81e11', NULL, 'robe hook', 20, 0);
INSERT INTO item_template (id, tenant_id, category_id, parent_item_id, item_description, item_order, depth) VALUES ('2b9b44e1-cb10-494e-b1b9-72c3095ed955', 'MONOGRAPH', 'd937b3a2-2f8b-49f4-9a0a-0adf75d81e11', NULL, 'desk chair', 21, 0);
INSERT INTO item_template (id, tenant_id, category_id, parent_item_id, item_description, item_order, depth) VALUES ('58d65a58-9b32-45ff-b609-8a1774bf371c', 'MONOGRAPH', 'd937b3a2-2f8b-49f4-9a0a-0adf75d81e11', NULL, 'towel rail', 22, 0);
INSERT INTO item_template (id, tenant_id, category_id, parent_item_id, item_description, item_order, depth) VALUES ('7f4f1a47-2add-4c95-a7ab-ffbdf6310b0f', 'MONOGRAPH', 'd937b3a2-2f8b-49f4-9a0a-0adf75d81e11', NULL, 'Panel heater', 23, 0);
INSERT INTO item_template (id, tenant_id, category_id, parent_item_id, item_description, item_order, depth) VALUES ('cbfe4745-aee3-4aeb-a2d2-ab3b9047d9d3', 'MONOGRAPH', 'd937b3a2-2f8b-49f4-9a0a-0adf75d81e11', NULL, 'installation', 24, 0);
INSERT INTO item_template (id, tenant_id, category_id, parent_item_id, item_description, item_order, depth) VALUES ('336c47d3-e2b4-4ccf-aae6-4f4b9926b876', 'MONOGRAPH', 'd937b3a2-2f8b-49f4-9a0a-0adf75d81e11', NULL, 'operation', 25, 0);
INSERT INTO item_template (id, tenant_id, category_id, parent_item_id, item_description, item_order, depth) VALUES ('09cc026d-2f2f-4b31-a9f8-58342f2ab959', 'MONOGRAPH', 'd937b3a2-2f8b-49f4-9a0a-0adf75d81e11', NULL, 'Blind', 26, 0);
INSERT INTO item_template (id, tenant_id, category_id, parent_item_id, item_description, item_order, depth) VALUES ('c1237ab7-9535-40e6-b319-492d6bdf1d5d', 'MONOGRAPH', 'd937b3a2-2f8b-49f4-9a0a-0adf75d81e11', NULL, 'installation', 27, 0);
INSERT INTO item_template (id, tenant_id, category_id, parent_item_id, item_description, item_order, depth) VALUES ('5537c7b2-5cd8-4ee1-ac59-6a2e7ee4a1f5', 'MONOGRAPH', 'd937b3a2-2f8b-49f4-9a0a-0adf75d81e11', NULL, 'operation', 28, 0);
INSERT INTO category_template (id, tenant_id, area_id, category_name, category_order) VALUES ('7641c2d1-313d-4029-9249-9991d7dcd60f', 'MONOGRAPH', '422e2bc6-b620-4ef6-8f1c-90af9a9b6398', 'BEDROOM D', 1);
INSERT INTO category_template (id, tenant_id, area_id, category_name, category_order) VALUES ('b8040b52-43e6-4043-8b79-672ae1688bd5', 'MONOGRAPH', '422e2bc6-b620-4ef6-8f1c-90af9a9b6398', 'DOORS', 2);
INSERT INTO item_template (id, tenant_id, category_id, parent_item_id, item_description, item_order, depth) VALUES ('283c914d-1030-4d5b-863a-64a2c0c99271', 'MONOGRAPH', 'b8040b52-43e6-4043-8b79-672ae1688bd5', NULL, 'D2', 1, 0);
INSERT INTO item_template (id, tenant_id, category_id, parent_item_id, item_description, item_order, depth) VALUES ('58710214-584c-493c-9d05-f0905e6e7f6d', 'MONOGRAPH', 'b8040b52-43e6-4043-8b79-672ae1688bd5', NULL, 'finished all round', 2, 0);
INSERT INTO item_template (id, tenant_id, category_id, parent_item_id, item_description, item_order, depth) VALUES ('6cb23c26-9d5e-40ab-ad20-214c4ad9c150', 'MONOGRAPH', 'b8040b52-43e6-4043-8b79-672ae1688bd5', NULL, 'paint on outside - Yellow balloon', 3, 0);
INSERT INTO item_template (id, tenant_id, category_id, parent_item_id, item_description, item_order, depth) VALUES ('6ed833e1-d66b-44c8-b9a5-92c0aa212f96', 'MONOGRAPH', 'b8040b52-43e6-4043-8b79-672ae1688bd5', NULL, 'Frame', 4, 0);
INSERT INTO item_template (id, tenant_id, category_id, parent_item_id, item_description, item_order, depth) VALUES ('8c7260db-1576-4dc1-8344-67688f3e124d', 'MONOGRAPH', 'b8040b52-43e6-4043-8b79-672ae1688bd5', NULL, 'hinges', 5, 0);
INSERT INTO item_template (id, tenant_id, category_id, parent_item_id, item_description, item_order, depth) VALUES ('46ee02cb-726f-41c4-b9aa-12af9af62140', 'MONOGRAPH', 'b8040b52-43e6-4043-8b79-672ae1688bd5', NULL, 'finish', 6, 0);
INSERT INTO item_template (id, tenant_id, category_id, parent_item_id, item_description, item_order, depth) VALUES ('e4ff5473-7bad-43b5-895a-46d9a054f202', 'MONOGRAPH', 'b8040b52-43e6-4043-8b79-672ae1688bd5', NULL, 'paint on outside - Yellow balloon', 7, 0);
INSERT INTO item_template (id, tenant_id, category_id, parent_item_id, item_description, item_order, depth) VALUES ('40d0d9e8-58be-41fd-a13a-d2bb0a664736', 'MONOGRAPH', 'b8040b52-43e6-4043-8b79-672ae1688bd5', NULL, 'Ironmongery', 8, 0);
INSERT INTO item_template (id, tenant_id, category_id, parent_item_id, item_description, item_order, depth) VALUES ('ca77268b-d07e-41e5-83ba-2be961123068', 'MONOGRAPH', 'b8040b52-43e6-4043-8b79-672ae1688bd5', NULL, 'residence lock handle', 9, 0);
INSERT INTO item_template (id, tenant_id, category_id, parent_item_id, item_description, item_order, depth) VALUES ('a121128d-4741-4ae5-89b8-bea79f46b00f', 'MONOGRAPH', 'b8040b52-43e6-4043-8b79-672ae1688bd5', NULL, 'lockset - cylinder and thumb turn', 10, 0);
INSERT INTO item_template (id, tenant_id, category_id, parent_item_id, item_description, item_order, depth) VALUES ('f1d3fddb-6c4f-448b-9dbd-1ea071533d4e', 'MONOGRAPH', 'b8040b52-43e6-4043-8b79-672ae1688bd5', NULL, 'key - D', 11, 0);
INSERT INTO item_template (id, tenant_id, category_id, parent_item_id, item_description, item_order, depth) VALUES ('4d6aacb9-7710-428a-bed4-a6d7a1ab383d', 'MONOGRAPH', 'b8040b52-43e6-4043-8b79-672ae1688bd5', NULL, 'door stop', 12, 0);
INSERT INTO item_template (id, tenant_id, category_id, parent_item_id, item_description, item_order, depth) VALUES ('d1b9712b-e3d0-4fa5-8e9f-e0dc699cdd24', 'MONOGRAPH', 'b8040b52-43e6-4043-8b79-672ae1688bd5', NULL, 'Signage', 13, 0);
INSERT INTO item_template (id, tenant_id, category_id, parent_item_id, item_description, item_order, depth) VALUES ('ed3f139f-8fb2-4924-9a33-8f97ca5d7ae7', 'MONOGRAPH', 'b8040b52-43e6-4043-8b79-672ae1688bd5', NULL, 'WALLS', 14, 0);
INSERT INTO item_template (id, tenant_id, category_id, parent_item_id, item_description, item_order, depth) VALUES ('9f1d689b-ffdd-44fa-9a10-33847f31d205', 'MONOGRAPH', 'b8040b52-43e6-4043-8b79-672ae1688bd5', NULL, 'smooth plaster', 15, 0);
INSERT INTO item_template (id, tenant_id, category_id, parent_item_id, item_description, item_order, depth) VALUES ('5600f421-163e-4b42-a6e4-4f7c231c3d27', 'MONOGRAPH', 'b8040b52-43e6-4043-8b79-672ae1688bd5', NULL, 'paint-orchid bay', 16, 0);
INSERT INTO item_template (id, tenant_id, category_id, parent_item_id, item_description, item_order, depth) VALUES ('097eda54-4ea8-4b97-86ad-7f58416db56d', 'MONOGRAPH', 'b8040b52-43e6-4043-8b79-672ae1688bd5', NULL, 'paint - Yellow balloon', 17, 0);
INSERT INTO item_template (id, tenant_id, category_id, parent_item_id, item_description, item_order, depth) VALUES ('f36a8627-1f57-458f-a6e1-03c6d1557158', 'MONOGRAPH', 'b8040b52-43e6-4043-8b79-672ae1688bd5', NULL, 'plaster recess at ceiling', 18, 0);
INSERT INTO category_template (id, tenant_id, area_id, category_name, category_order) VALUES ('0dfdd11c-e27c-461a-9468-4765620b4254', 'MONOGRAPH', '422e2bc6-b620-4ef6-8f1c-90af9a9b6398', 'WINDOWS', 3);
INSERT INTO item_template (id, tenant_id, category_id, parent_item_id, item_description, item_order, depth) VALUES ('6f5b8932-52f2-49ae-b92f-87555a265424', 'MONOGRAPH', '0dfdd11c-e27c-461a-9468-4765620b4254', NULL, 'W3', 1, 0);
INSERT INTO item_template (id, tenant_id, category_id, parent_item_id, item_description, item_order, depth) VALUES ('392ffda3-abbe-46af-8f00-795807c7cf32', 'MONOGRAPH', '0dfdd11c-e27c-461a-9468-4765620b4254', NULL, 'frame & coating', 2, 0);
INSERT INTO item_template (id, tenant_id, category_id, parent_item_id, item_description, item_order, depth) VALUES ('3089c42e-5cca-445f-8eb6-1d5fbd6d5cdd', 'MONOGRAPH', '0dfdd11c-e27c-461a-9468-4765620b4254', NULL, 'glass', 3, 0);
INSERT INTO item_template (id, tenant_id, category_id, parent_item_id, item_description, item_order, depth) VALUES ('34c90175-9b10-4365-a8f8-19a4969b6574', 'MONOGRAPH', '0dfdd11c-e27c-461a-9468-4765620b4254', NULL, 'hinges', 4, 0);
INSERT INTO item_template (id, tenant_id, category_id, parent_item_id, item_description, item_order, depth) VALUES ('362b46e1-7e73-405a-9cc4-5a93ae04c7e9', 'MONOGRAPH', '0dfdd11c-e27c-461a-9468-4765620b4254', NULL, 'gaskets', 5, 0);
INSERT INTO item_template (id, tenant_id, category_id, parent_item_id, item_description, item_order, depth) VALUES ('f656005d-da8e-4f49-aaf5-13deeaff52ea', 'MONOGRAPH', '0dfdd11c-e27c-461a-9468-4765620b4254', NULL, 'operation', 6, 0);
INSERT INTO item_template (id, tenant_id, category_id, parent_item_id, item_description, item_order, depth) VALUES ('99342ca3-0693-448c-b75f-c31d7380be39', 'MONOGRAPH', '0dfdd11c-e27c-461a-9468-4765620b4254', NULL, 'burglar bars', 7, 0);
INSERT INTO item_template (id, tenant_id, category_id, parent_item_id, item_description, item_order, depth) VALUES ('6eb35d6d-7a23-4cd8-9b87-5a95486ea710', 'MONOGRAPH', '0dfdd11c-e27c-461a-9468-4765620b4254', NULL, 'sill', 8, 0);
INSERT INTO item_template (id, tenant_id, category_id, parent_item_id, item_description, item_order, depth) VALUES ('1cc9b6c4-d55e-4562-be1c-a5b4a3ee2f56', 'MONOGRAPH', '0dfdd11c-e27c-461a-9468-4765620b4254', NULL, 'FLOOR', 9, 0);
INSERT INTO item_template (id, tenant_id, category_id, parent_item_id, item_description, item_order, depth) VALUES ('b49b1271-72d9-4d07-8f8b-379d116aa85c', 'MONOGRAPH', '0dfdd11c-e27c-461a-9468-4765620b4254', NULL, 'chipped/broken/hollow tiles', 10, 0);
INSERT INTO item_template (id, tenant_id, category_id, parent_item_id, item_description, item_order, depth) VALUES ('fae8a15b-da42-4bbf-aac3-82579ee3a6b3', 'MONOGRAPH', '0dfdd11c-e27c-461a-9468-4765620b4254', NULL, 'grout dove grey', 11, 0);
INSERT INTO item_template (id, tenant_id, category_id, parent_item_id, item_description, item_order, depth) VALUES ('d2cc8a78-76e4-4eb6-8d9b-fcd7f1a9b740', 'MONOGRAPH', '0dfdd11c-e27c-461a-9468-4765620b4254', NULL, 'tile skirting', 12, 0);
INSERT INTO item_template (id, tenant_id, category_id, parent_item_id, item_description, item_order, depth) VALUES ('396cb62a-7c02-45bb-9778-3c9e1354f24c', 'MONOGRAPH', '0dfdd11c-e27c-461a-9468-4765620b4254', NULL, 'CEILING', 13, 0);
INSERT INTO item_template (id, tenant_id, category_id, parent_item_id, item_description, item_order, depth) VALUES ('82aff911-2c32-4587-bb29-c4f3b3c0394f', 'MONOGRAPH', '0dfdd11c-e27c-461a-9468-4765620b4254', NULL, 'paint-orchid bay', 14, 0);
INSERT INTO item_template (id, tenant_id, category_id, parent_item_id, item_description, item_order, depth) VALUES ('043cd898-b59b-4f6f-9c16-1b17019fdef7', 'MONOGRAPH', '0dfdd11c-e27c-461a-9468-4765620b4254', NULL, 'paint - Glorious gold', 15, 0);
INSERT INTO item_template (id, tenant_id, category_id, parent_item_id, item_description, item_order, depth) VALUES ('0994df1b-9fba-44e8-917b-19ee8829905b', 'MONOGRAPH', '0dfdd11c-e27c-461a-9468-4765620b4254', NULL, 'ELECTRICAL', 16, 0);
INSERT INTO item_template (id, tenant_id, category_id, parent_item_id, item_description, item_order, depth) VALUES ('93f17572-bc02-479a-bbd8-e35558f51588', 'MONOGRAPH', '0dfdd11c-e27c-461a-9468-4765620b4254', NULL, 'ceiling mounted light x 1 bulbs', 17, 0);
INSERT INTO item_template (id, tenant_id, category_id, parent_item_id, item_description, item_order, depth) VALUES ('77a3f56b-c76c-485e-97cf-1f13940fd889', 'MONOGRAPH', '0dfdd11c-e27c-461a-9468-4765620b4254', NULL, 'study desk light x 1 bulb', 18, 0);
INSERT INTO item_template (id, tenant_id, category_id, parent_item_id, item_description, item_order, depth) VALUES ('cb068d72-8307-4eff-bf4a-fdbf6ba3f420', 'MONOGRAPH', '0dfdd11c-e27c-461a-9468-4765620b4254', NULL, 'panel heater plug wall 20', 19, 0);
INSERT INTO item_template (id, tenant_id, category_id, parent_item_id, item_description, item_order, depth) VALUES ('ce28cf17-71e4-4b93-bfeb-90e2016e2074', 'MONOGRAPH', '0dfdd11c-e27c-461a-9468-4765620b4254', NULL, 'combination plug wall 19', 20, 0);
INSERT INTO item_template (id, tenant_id, category_id, parent_item_id, item_description, item_order, depth) VALUES ('1067869e-2fed-40df-a68a-afa47da347b6', 'MONOGRAPH', '0dfdd11c-e27c-461a-9468-4765620b4254', NULL, 'double light switch on wall 17', 21, 0);
INSERT INTO category_template (id, tenant_id, area_id, category_name, category_order) VALUES ('9fee0fa0-1003-4489-941a-6c87d88da0ec', 'MONOGRAPH', '422e2bc6-b620-4ef6-8f1c-90af9a9b6398', 'PLUMBING', 4);
INSERT INTO category_template (id, tenant_id, area_id, category_name, category_order) VALUES ('ebc67f20-eaa3-4afa-9c7c-c76b87dd8c88', 'MONOGRAPH', '422e2bc6-b620-4ef6-8f1c-90af9a9b6398', 'JOINERY', 5);
INSERT INTO item_template (id, tenant_id, category_id, parent_item_id, item_description, item_order, depth) VALUES ('08944cf7-d585-4b0d-b5c5-b11eb8ecd34e', 'MONOGRAPH', 'ebc67f20-eaa3-4afa-9c7c-c76b87dd8c88', NULL, 'B.I.C.', 1, 0);
INSERT INTO item_template (id, tenant_id, category_id, parent_item_id, item_description, item_order, depth) VALUES ('b3733de1-d768-44f5-89dc-d07aa7d187a4', 'MONOGRAPH', 'ebc67f20-eaa3-4afa-9c7c-c76b87dd8c88', NULL, 'layout', 2, 0);
INSERT INTO item_template (id, tenant_id, category_id, parent_item_id, item_description, item_order, depth) VALUES ('ae590256-bbf9-4f5e-b2fc-fe5a0d42b723', 'MONOGRAPH', 'ebc67f20-eaa3-4afa-9c7c-c76b87dd8c88', NULL, 'fixing to wall', 3, 0);
INSERT INTO item_template (id, tenant_id, category_id, parent_item_id, item_description, item_order, depth) VALUES ('8b2784fc-6733-4b25-b0b6-a416694aa496', 'MONOGRAPH', 'ebc67f20-eaa3-4afa-9c7c-c76b87dd8c88', NULL, 'carcass', 4, 0);
INSERT INTO item_template (id, tenant_id, category_id, parent_item_id, item_description, item_order, depth) VALUES ('4a03bf95-cacb-443e-ac77-6a49cfaaf61c', 'MONOGRAPH', 'ebc67f20-eaa3-4afa-9c7c-c76b87dd8c88', NULL, 'finish', 5, 0);
INSERT INTO item_template (id, tenant_id, category_id, parent_item_id, item_description, item_order, depth) VALUES ('90dfd2c6-3f27-45dc-b9c8-95689b86343b', 'MONOGRAPH', 'ebc67f20-eaa3-4afa-9c7c-c76b87dd8c88', NULL, 'hinges', 6, 0);
INSERT INTO item_template (id, tenant_id, category_id, parent_item_id, item_description, item_order, depth) VALUES ('81977b17-5a8b-4b1c-a37f-6600119ed8b6', 'MONOGRAPH', 'ebc67f20-eaa3-4afa-9c7c-c76b87dd8c88', NULL, 'handles', 7, 0);
INSERT INTO item_template (id, tenant_id, category_id, parent_item_id, item_description, item_order, depth) VALUES ('2b0d490c-2b42-4ed4-8428-e1340a68dc8b', 'MONOGRAPH', 'ebc67f20-eaa3-4afa-9c7c-c76b87dd8c88', NULL, 'Floating shelf', 8, 0);
INSERT INTO item_template (id, tenant_id, category_id, parent_item_id, item_description, item_order, depth) VALUES ('c4645d11-a491-40d9-81e1-cb294cdc5cd4', 'MONOGRAPH', 'ebc67f20-eaa3-4afa-9c7c-c76b87dd8c88', NULL, 'installation', 9, 0);
INSERT INTO item_template (id, tenant_id, category_id, parent_item_id, item_description, item_order, depth) VALUES ('2e28f038-c6ec-4e7f-b02c-ba279492d70e', 'MONOGRAPH', 'ebc67f20-eaa3-4afa-9c7c-c76b87dd8c88', NULL, 'finish', 10, 0);
INSERT INTO item_template (id, tenant_id, category_id, parent_item_id, item_description, item_order, depth) VALUES ('bcef090c-9620-4be0-a513-6464f3be5df2', 'MONOGRAPH', 'ebc67f20-eaa3-4afa-9c7c-c76b87dd8c88', NULL, 'Study desk', 11, 0);
INSERT INTO item_template (id, tenant_id, category_id, parent_item_id, item_description, item_order, depth) VALUES ('8bd30f56-8d9a-45fe-8ed7-33e935cb7b3d', 'MONOGRAPH', 'ebc67f20-eaa3-4afa-9c7c-c76b87dd8c88', NULL, 'layout', 12, 0);
INSERT INTO item_template (id, tenant_id, category_id, parent_item_id, item_description, item_order, depth) VALUES ('3e6e300a-710a-47f8-a6a6-5ab6ec20a24a', 'MONOGRAPH', 'ebc67f20-eaa3-4afa-9c7c-c76b87dd8c88', NULL, 'fixing to wall', 13, 0);
INSERT INTO item_template (id, tenant_id, category_id, parent_item_id, item_description, item_order, depth) VALUES ('7e2e4866-c15d-42d8-8681-daf5cbedb5a5', 'MONOGRAPH', 'ebc67f20-eaa3-4afa-9c7c-c76b87dd8c88', NULL, 'carcass', 14, 0);
INSERT INTO item_template (id, tenant_id, category_id, parent_item_id, item_description, item_order, depth) VALUES ('b167cb7e-dcbd-43ab-be23-f31f648d01b3', 'MONOGRAPH', 'ebc67f20-eaa3-4afa-9c7c-c76b87dd8c88', NULL, 'finish', 15, 0);
INSERT INTO item_template (id, tenant_id, category_id, parent_item_id, item_description, item_order, depth) VALUES ('69c3e692-b632-4fb6-933a-124610857180', 'MONOGRAPH', 'ebc67f20-eaa3-4afa-9c7c-c76b87dd8c88', NULL, 'top', 16, 0);
INSERT INTO category_template (id, tenant_id, area_id, category_name, category_order) VALUES ('b98c12b8-0de8-4f7f-bc4e-db9c25f103ae', 'MONOGRAPH', '422e2bc6-b620-4ef6-8f1c-90af9a9b6398', 'FF&E', 6);
INSERT INTO item_template (id, tenant_id, category_id, parent_item_id, item_description, item_order, depth) VALUES ('d45dc5c4-08e8-4147-acd0-15795a1d9370', 'MONOGRAPH', 'b98c12b8-0de8-4f7f-bc4e-db9c25f103ae', NULL, 'single bed', 1, 0);
INSERT INTO item_template (id, tenant_id, category_id, parent_item_id, item_description, item_order, depth) VALUES ('7d3bb756-bb0d-4b6e-91fe-1ed80d78c2d9', 'MONOGRAPH', 'b98c12b8-0de8-4f7f-bc4e-db9c25f103ae', NULL, 'mattress', 2, 0);
INSERT INTO item_template (id, tenant_id, category_id, parent_item_id, item_description, item_order, depth) VALUES ('dbabd77d-cae6-485e-b3c5-79f584e522c9', 'MONOGRAPH', 'b98c12b8-0de8-4f7f-bc4e-db9c25f103ae', NULL, 'robe hook', 3, 0);
INSERT INTO item_template (id, tenant_id, category_id, parent_item_id, item_description, item_order, depth) VALUES ('b09c882e-d0f5-48c2-842f-eb1d2b3a8845', 'MONOGRAPH', 'b98c12b8-0de8-4f7f-bc4e-db9c25f103ae', NULL, 'desk chair', 4, 0);
INSERT INTO item_template (id, tenant_id, category_id, parent_item_id, item_description, item_order, depth) VALUES ('b38463b2-ebfa-4f44-999e-05c6a3215d5c', 'MONOGRAPH', 'b98c12b8-0de8-4f7f-bc4e-db9c25f103ae', NULL, 'towel rail', 5, 0);
INSERT INTO item_template (id, tenant_id, category_id, parent_item_id, item_description, item_order, depth) VALUES ('6075db1f-236a-46e2-860b-6ea8ac455f7c', 'MONOGRAPH', 'b98c12b8-0de8-4f7f-bc4e-db9c25f103ae', NULL, 'Panel heater', 6, 0);
INSERT INTO item_template (id, tenant_id, category_id, parent_item_id, item_description, item_order, depth) VALUES ('5fd0d60b-ae33-441e-9b27-b947cfe8c084', 'MONOGRAPH', 'b98c12b8-0de8-4f7f-bc4e-db9c25f103ae', NULL, 'installation', 7, 0);
INSERT INTO item_template (id, tenant_id, category_id, parent_item_id, item_description, item_order, depth) VALUES ('c33bfac2-28a8-4b56-918b-135c8ab3bc2a', 'MONOGRAPH', 'b98c12b8-0de8-4f7f-bc4e-db9c25f103ae', NULL, 'operation', 8, 0);
INSERT INTO item_template (id, tenant_id, category_id, parent_item_id, item_description, item_order, depth) VALUES ('d774a51f-b590-4145-909e-c6b5fda3fc06', 'MONOGRAPH', 'b98c12b8-0de8-4f7f-bc4e-db9c25f103ae', NULL, 'Blind', 9, 0);
INSERT INTO item_template (id, tenant_id, category_id, parent_item_id, item_description, item_order, depth) VALUES ('b501a49e-0716-40de-86b8-baec0042d14f', 'MONOGRAPH', 'b98c12b8-0de8-4f7f-bc4e-db9c25f103ae', NULL, 'installation', 10, 0);
INSERT INTO item_template (id, tenant_id, category_id, parent_item_id, item_description, item_order, depth) VALUES ('654dbf95-5acb-407d-8e53-6f6d9b10d503', 'MONOGRAPH', 'b98c12b8-0de8-4f7f-bc4e-db9c25f103ae', NULL, 'operation', 11, 0);
